charger_id,station_id,station_type,charger_type,power_kw,connector_type,availability_rate
ST0001-C01,ST0001,Office_Commercial,DC_Fast,50,CCS2,0.9717
ST0001-C02,ST0001,Office_Commercial,AC,22,Type2,0.9652
ST0001-C03,ST0001,Office_Commercial,DC_Fast,60,CCS2,0.9684
ST0001-C04,ST0001,Office_Commercial,DC_Fast,50,CCS2,0.9677
ST0001-C05,ST0001,Office_Commercial,AC,7,Type2,0.9717
ST0001-C06,ST0001,Office_Commercial,DC_Ultra,150,CCS2,0.9632
ST0001-C07,ST0001,Office_Commercial,DC_Fast,50,CCS2,0.9745
ST0001-C08,ST0001,Office_Commercial,DC_Fast,60,CCS2,0.9613
ST0001-C09,ST0001,Office_Commercial,AC,7,Type2,0.969
ST0002-C01,ST0002,Office_Commercial,AC,11,Type2,0.9491
ST0002-C02,ST0002,Office_Commercial,AC,22,Type2,0.9616
ST0002-C03,ST0002,Office_Commercial,DC_Fast,60,CCS2,0.9463
ST0002-C04,ST0002,Office_Commercial,DC_Fast,50,CCS2,0.9504
ST0002-C05,ST0002,Office_Commercial,DC_Ultra,180,CCS2,0.9566
ST0002-C06,ST0002,Office_Commercial,AC,7,Type2,0.9627
ST0002-C07,ST0002,Office_Commercial,AC,7,Type2,0.9611
ST0002-C08,ST0002,Office_Commercial,DC_Fast,30,CCS2,0.958
ST0002-C09,ST0002,Office_Commercial,AC,22,Type2,0.944
ST0002-C10,ST0002,Office_Commercial,AC,22,Type2,0.9519
ST0003-C01,ST0003,Fleet,DC_Fast,50,CCS2,0.9793
ST0003-C02,ST0003,Fleet,DC_Fast,50,CCS2,0.9708
ST0003-C03,ST0003,Fleet,DC_Fast,50,CCS2,0.9805
ST0003-C04,ST0003,Fleet,DC_Fast,50,CCS2,0.9634
ST0003-C05,ST0003,Fleet,DC_Fast,50,CCS2,0.9662
ST0003-C06,ST0003,Fleet,DC_Fast,50,CCS2,0.9747
ST0003-C07,ST0003,Fleet,DC_Ultra,150,CCS2,0.9702
ST0003-C08,ST0003,Fleet,DC_Fast,60,CCS2,0.9786
ST0004-C01,ST0004,Highway,DC_Fast,50,CCS2,0.9587
ST0004-C02,ST0004,Highway,DC_Ultra,150,CCS2,0.9486
ST0004-C03,ST0004,Highway,DC_Fast,30,CCS2,0.9515
ST0004-C04,ST0004,Highway,AC,22,Type2,0.9653
ST0004-C05,ST0004,Highway,AC,22,Type2,0.9591
ST0004-C06,ST0004,Highway,DC_Ultra,180,CCS2,0.9592
ST0004-C07,ST0004,Highway,DC_Fast,60,CCS2,0.9546
ST0004-C08,ST0004,Highway,DC_Fast,50,CCS2,0.9545
ST0004-C09,ST0004,Highway,DC_Fast,60,CCS2,0.9688
ST0004-C10,ST0004,Highway,DC_Fast,50,CCS2,0.9656
ST0004-C11,ST0004,Highway,DC_Ultra,150,CCS2,0.9573
ST0004-C12,ST0004,Highway,DC_Fast,60,CCS2,0.9627
ST0005-C01,ST0005,Hotel,DC_Fast,30,CCS2,0.956
ST0005-C02,ST0005,Hotel,AC,7,Type2,0.9655
ST0005-C03,ST0005,Hotel,DC_Fast,50,CCS2,0.9575
ST0005-C04,ST0005,Hotel,DC_Fast,30,CCS2,0.9451
ST0005-C05,ST0005,Hotel,DC_Fast,30,CCS2,0.9472
ST0006-C01,ST0006,Hotel,DC_Fast,30,CCS2,0.995
ST0006-C02,ST0006,Hotel,AC,11,Type2,0.9858
ST0006-C03,ST0006,Hotel,DC_Fast,50,CCS2,0.9654
ST0006-C04,ST0006,Hotel,AC,7,Type2,0.976
ST0006-C05,ST0006,Hotel,DC_Ultra,150,CCS2,0.9776
ST0006-C06,ST0006,Hotel,AC,7,Type2,0.991
ST0006-C07,ST0006,Hotel,DC_Fast,60,CCS2,0.9812
ST0007-C01,ST0007,Office_Commercial,DC_Fast,30,CCS2,0.9503
ST0007-C02,ST0007,Office_Commercial,AC,11,Type2,0.9495
ST0007-C03,ST0007,Office_Commercial,DC_Fast,60,CCS2,0.9489
ST0007-C04,ST0007,Office_Commercial,AC,22,Type2,0.9592
ST0007-C05,ST0007,Office_Commercial,DC_Fast,50,CCS2,0.9558
ST0007-C06,ST0007,Office_Commercial,DC_Fast,60,CCS2,0.9597
ST0007-C07,ST0007,Office_Commercial,DC_Fast,30,CCS2,0.9463
ST0007-C08,ST0007,Office_Commercial,AC,22,Type2,0.9575
ST0007-C09,ST0007,Office_Commercial,DC_Ultra,150,CCS2,0.9574
ST0007-C10,ST0007,Office_Commercial,AC,22,Type2,0.9584
ST0008-C01,ST0008,Residential,AC,7,Type2,0.979
ST0008-C02,ST0008,Residential,DC_Fast,50,CCS2,0.9569
ST0008-C03,ST0008,Residential,DC_Fast,50,CCS2,0.9799
ST0008-C04,ST0008,Residential,AC,22,Type2,0.9653
ST0009-C01,ST0009,Fleet,DC_Fast,50,CCS2,0.995
ST0009-C02,ST0009,Fleet,DC_Fast,50,CCS2,0.9786
ST0009-C03,ST0009,Fleet,DC_Ultra,150,CCS2,0.9883
ST0009-C04,ST0009,Fleet,DC_Fast,50,CCS2,0.988
ST0009-C05,ST0009,Fleet,DC_Fast,60,CCS2,0.995
ST0009-C06,ST0009,Fleet,DC_Ultra,150,CCS2,0.995
ST0009-C07,ST0009,Fleet,DC_Ultra,120,CCS2,0.995
ST0009-C08,ST0009,Fleet,DC_Fast,50,CCS2,0.9924
ST0009-C09,ST0009,Fleet,DC_Fast,50,CCS2,0.995
ST0009-C10,ST0009,Fleet,AC,22,Type2,0.9938
ST0010-C01,ST0010,Mall_Retail,DC_Ultra,180,CCS2,0.9357
ST0010-C02,ST0010,Mall_Retail,AC,11,Type2,0.9333
ST0010-C03,ST0010,Mall_Retail,DC_Fast,30,CCS2,0.9476
ST0010-C04,ST0010,Mall_Retail,DC_Fast,60,CCS2,0.9328
ST0010-C05,ST0010,Mall_Retail,AC,7,Type2,0.9367
ST0010-C06,ST0010,Mall_Retail,AC,11,Type2,0.9338
ST0010-C07,ST0010,Mall_Retail,DC_Fast,50,CCS2,0.947
ST0010-C08,ST0010,Mall_Retail,DC_Ultra,150,CCS2,0.9239
ST0010-C09,ST0010,Mall_Retail,DC_Fast,50,CCS2,0.955
ST0011-C01,ST0011,Hotel,AC,11,Type2,0.9659
ST0011-C02,ST0011,Hotel,DC_Fast,60,CCS2,0.9714
ST0011-C03,ST0011,Hotel,DC_Fast,50,CCS2,0.9668
ST0011-C04,ST0011,Hotel,AC,7,Type2,0.966
ST0011-C05,ST0011,Hotel,AC,7,Type2,0.9698
ST0011-C06,ST0011,Hotel,DC_Fast,30,CCS2,0.9717
ST0011-C07,ST0011,Hotel,AC,22,Type2,0.9691
ST0011-C08,ST0011,Hotel,DC_Fast,50,CCS2,0.9683
ST0012-C01,ST0012,Highway,DC_Ultra,150,CCS2,0.9456
ST0012-C02,ST0012,Highway,DC_Ultra,180,CCS2,0.9566
ST0012-C03,ST0012,Highway,AC,22,Type2,0.9405
ST0012-C04,ST0012,Highway,DC_Fast,60,CCS2,0.9581
ST0012-C05,ST0012,Highway,DC_Fast,60,CCS2,0.9507
ST0012-C06,ST0012,Highway,DC_Fast,60,CCS2,0.9549
ST0012-C07,ST0012,Highway,DC_Fast,60,CCS2,0.9537
ST0012-C08,ST0012,Highway,DC_Fast,50,CCS2,0.9557
ST0012-C09,ST0012,Highway,AC,22,Type2,0.934
ST0012-C10,ST0012,Highway,DC_Fast,50,CCS2,0.9559
ST0013-C01,ST0013,Mall_Retail,AC,7,Type2,0.9824
ST0013-C02,ST0013,Mall_Retail,AC,22,Type2,0.9859
ST0013-C03,ST0013,Mall_Retail,DC_Fast,50,CCS2,0.9755
ST0013-C04,ST0013,Mall_Retail,DC_Fast,60,CCS2,0.9755
ST0013-C05,ST0013,Mall_Retail,AC,22,Type2,0.9696
ST0013-C06,ST0013,Mall_Retail,DC_Fast,50,CCS2,0.9664
ST0013-C07,ST0013,Mall_Retail,DC_Fast,60,CCS2,0.9626
ST0013-C08,ST0013,Mall_Retail,AC,22,Type2,0.9705
ST0013-C09,ST0013,Mall_Retail,DC_Fast,50,CCS2,0.978
ST0013-C10,ST0013,Mall_Retail,DC_Fast,60,CCS2,0.9778
ST0014-C01,ST0014,Residential,DC_Fast,50,CCS2,0.9458
ST0014-C02,ST0014,Residential,AC,7,Type2,0.958
ST0014-C03,ST0014,Residential,DC_Ultra,150,CCS2,0.9604
ST0014-C04,ST0014,Residential,DC_Fast,50,CCS2,0.9579
ST0014-C05,ST0014,Residential,AC,22,Type2,0.9588
ST0014-C06,ST0014,Residential,DC_Fast,50,CCS2,0.939
ST0014-C07,ST0014,Residential,DC_Fast,60,CCS2,0.9602
ST0014-C08,ST0014,Residential,DC_Fast,30,CCS2,0.9673
ST0015-C01,ST0015,Fleet,DC_Fast,30,CCS2,0.9645
ST0015-C02,ST0015,Fleet,DC_Fast,50,CCS2,0.9555
ST0015-C03,ST0015,Fleet,DC_Ultra,150,CCS2,0.9506
ST0015-C04,ST0015,Fleet,DC_Fast,60,CCS2,0.9581
ST0015-C05,ST0015,Fleet,DC_Fast,50,CCS2,0.9566
ST0015-C06,ST0015,Fleet,DC_Ultra,180,CCS2,0.9634
ST0015-C07,ST0015,Fleet,DC_Ultra,180,CCS2,0.9609
ST0015-C08,ST0015,Fleet,DC_Fast,60,CCS2,0.9549
ST0015-C09,ST0015,Fleet,DC_Fast,30,CCS2,0.9693
ST0015-C10,ST0015,Fleet,DC_Fast,50,CCS2,0.9574
ST0015-C11,ST0015,Fleet,DC_Fast,50,CCS2,0.9437
ST0016-C01,ST0016,Mall_Retail,AC,22,Type2,0.9656
ST0016-C02,ST0016,Mall_Retail,DC_Fast,60,CCS2,0.975
ST0016-C03,ST0016,Mall_Retail,DC_Fast,60,CCS2,0.9641
ST0016-C04,ST0016,Mall_Retail,AC,22,Type2,0.9755
ST0016-C05,ST0016,Mall_Retail,DC_Ultra,180,CCS2,0.9736
ST0016-C06,ST0016,Mall_Retail,DC_Fast,50,CCS2,0.968
ST0016-C07,ST0016,Mall_Retail,AC,22,Type2,0.976
ST0016-C08,ST0016,Mall_Retail,DC_Ultra,180,CCS2,0.9736
ST0017-C01,ST0017,Highway,AC,22,Type2,0.9524
ST0017-C02,ST0017,Highway,AC,22,Type2,0.9614
ST0017-C03,ST0017,Highway,AC,7,Type2,0.9446
ST0017-C04,ST0017,Highway,DC_Fast,30,CCS2,0.95
ST0017-C05,ST0017,Highway,DC_Ultra,150,CCS2,0.9515
ST0017-C06,ST0017,Highway,DC_Fast,60,CCS2,0.946
ST0017-C07,ST0017,Highway,DC_Ultra,150,CCS2,0.9437
ST0017-C08,ST0017,Highway,AC,7,Type2,0.9572
ST0017-C09,ST0017,Highway,DC_Ultra,180,CCS2,0.9397
ST0018-C01,ST0018,Highway,AC,11,Type2,0.9716
ST0018-C02,ST0018,Highway,DC_Fast,50,CCS2,0.9708
ST0018-C03,ST0018,Highway,AC,7,Type2,0.9788
ST0018-C04,ST0018,Highway,DC_Ultra,150,CCS2,0.9564
ST0018-C05,ST0018,Highway,DC_Ultra,150,CCS2,0.9655
ST0018-C06,ST0018,Highway,DC_Fast,60,CCS2,0.9713
ST0018-C07,ST0018,Highway,AC,11,Type2,0.971
ST0018-C08,ST0018,Highway,DC_Fast,50,CCS2,0.9848
ST0018-C09,ST0018,Highway,DC_Ultra,120,CCS2,0.9695
ST0019-C01,ST0019,Hotel,AC,7,Type2,0.97
ST0019-C02,ST0019,Hotel,AC,11,Type2,0.9829
ST0019-C03,ST0019,Hotel,DC_Fast,50,CCS2,0.995
ST0019-C04,ST0019,Hotel,DC_Fast,50,CCS2,0.9789
ST0019-C05,ST0019,Hotel,AC,11,Type2,0.9833
ST0019-C06,ST0019,Hotel,AC,11,Type2,0.9881
ST0020-C01,ST0020,Residential,AC,11,Type2,0.9631
ST0020-C02,ST0020,Residential,DC_Fast,60,CCS2,0.9562
ST0020-C03,ST0020,Residential,AC,11,Type2,0.9502
ST0020-C04,ST0020,Residential,AC,22,Type2,0.955
ST0020-C05,ST0020,Residential,AC,22,Type2,0.9569
ST0020-C06,ST0020,Residential,AC,22,Type2,0.9545
ST0021-C01,ST0021,Mall_Retail,AC,22,Type2,0.9523
ST0021-C02,ST0021,Mall_Retail,AC,11,Type2,0.9715
ST0021-C03,ST0021,Mall_Retail,AC,11,Type2,0.9523
ST0021-C04,ST0021,Mall_Retail,AC,11,Type2,0.96
ST0021-C05,ST0021,Mall_Retail,DC_Fast,60,CCS2,0.9678
ST0021-C06,ST0021,Mall_Retail,AC,11,Type2,0.968
ST0022-C01,ST0022,Transit_Public,DC_Fast,30,CCS2,0.9741
ST0022-C02,ST0022,Transit_Public,DC_Fast,60,CCS2,0.9926
ST0022-C03,ST0022,Transit_Public,DC_Fast,50,CCS2,0.9725
ST0022-C04,ST0022,Transit_Public,AC,22,Type2,0.9781
ST0022-C05,ST0022,Transit_Public,AC,11,Type2,0.9761
ST0022-C06,ST0022,Transit_Public,DC_Fast,30,CCS2,0.9807
ST0023-C01,ST0023,Hotel,AC,7,Type2,0.995
ST0023-C02,ST0023,Hotel,AC,11,Type2,0.995
ST0023-C03,ST0023,Hotel,AC,11,Type2,0.9848
ST0023-C04,ST0023,Hotel,AC,7,Type2,0.9845
ST0023-C05,ST0023,Hotel,DC_Ultra,150,CCS2,0.9897
ST0023-C06,ST0023,Hotel,AC,22,Type2,0.9898
ST0024-C01,ST0024,Residential,AC,22,Type2,0.9686
ST0024-C02,ST0024,Residential,AC,22,Type2,0.9633
ST0024-C03,ST0024,Residential,AC,22,Type2,0.9593
ST0024-C04,ST0024,Residential,AC,11,Type2,0.9652
ST0024-C05,ST0024,Residential,DC_Fast,30,CCS2,0.9687
ST0024-C06,ST0024,Residential,AC,22,Type2,0.9697
ST0024-C07,ST0024,Residential,DC_Fast,30,CCS2,0.9765
ST0025-C01,ST0025,Highway,DC_Fast,60,CCS2,0.9644
ST0025-C02,ST0025,Highway,AC,22,Type2,0.9813
ST0025-C03,ST0025,Highway,DC_Ultra,180,CCS2,0.9894
ST0025-C04,ST0025,Highway,DC_Fast,60,CCS2,0.9743
ST0025-C05,ST0025,Highway,DC_Fast,50,CCS2,0.9856
ST0025-C06,ST0025,Highway,DC_Fast,60,CCS2,0.9739
ST0025-C07,ST0025,Highway,AC,7,Type2,0.995
ST0025-C08,ST0025,Highway,DC_Fast,60,CCS2,0.9803
ST0025-C09,ST0025,Highway,DC_Ultra,120,CCS2,0.9735
ST0025-C10,ST0025,Highway,DC_Fast,60,CCS2,0.9795
ST0025-C11,ST0025,Highway,DC_Ultra,180,CCS2,0.9856
ST0025-C12,ST0025,Highway,DC_Fast,60,CCS2,0.9878
ST0025-C13,ST0025,Highway,DC_Fast,60,CCS2,0.9939
ST0025-C14,ST0025,Highway,DC_Ultra,150,CCS2,0.9786
ST0026-C01,ST0026,Residential,DC_Fast,60,CCS2,0.9586
ST0026-C02,ST0026,Residential,DC_Fast,60,CCS2,0.9708
ST0026-C03,ST0026,Residential,AC,7,Type2,0.9602
ST0026-C04,ST0026,Residential,AC,11,Type2,0.9616
ST0026-C05,ST0026,Residential,AC,7,Type2,0.9673
ST0026-C06,ST0026,Residential,AC,22,Type2,0.9689
ST0026-C07,ST0026,Residential,DC_Fast,50,CCS2,0.9618
ST0026-C08,ST0026,Residential,DC_Fast,50,CCS2,0.9568
ST0027-C01,ST0027,Office_Commercial,DC_Fast,30,CCS2,0.9638
ST0027-C02,ST0027,Office_Commercial,AC,22,Type2,0.9652
ST0027-C03,ST0027,Office_Commercial,DC_Fast,60,CCS2,0.961
ST0027-C04,ST0027,Office_Commercial,AC,11,Type2,0.9585
ST0027-C05,ST0027,Office_Commercial,DC_Fast,50,CCS2,0.9458
ST0027-C06,ST0027,Office_Commercial,AC,11,Type2,0.9565
ST0027-C07,ST0027,Office_Commercial,AC,11,Type2,0.9582
ST0027-C08,ST0027,Office_Commercial,DC_Fast,50,CCS2,0.9508
ST0027-C09,ST0027,Office_Commercial,AC,7,Type2,0.9622
ST0028-C01,ST0028,Mall_Retail,DC_Fast,50,CCS2,0.9576
ST0028-C02,ST0028,Mall_Retail,DC_Fast,50,CCS2,0.9332
ST0028-C03,ST0028,Mall_Retail,AC,11,Type2,0.9559
ST0028-C04,ST0028,Mall_Retail,DC_Fast,50,CCS2,0.9432
ST0028-C05,ST0028,Mall_Retail,DC_Ultra,150,CCS2,0.9565
ST0028-C06,ST0028,Mall_Retail,DC_Fast,60,CCS2,0.9568
ST0028-C07,ST0028,Mall_Retail,DC_Fast,50,CCS2,0.9568
ST0028-C08,ST0028,Mall_Retail,AC,22,Type2,0.9602
ST0028-C09,ST0028,Mall_Retail,DC_Ultra,150,CCS2,0.9637
ST0028-C10,ST0028,Mall_Retail,AC,22,Type2,0.9502
ST0029-C01,ST0029,Office_Commercial,AC,7,Type2,0.9495
ST0029-C02,ST0029,Office_Commercial,DC_Fast,50,CCS2,0.9556
ST0029-C03,ST0029,Office_Commercial,AC,11,Type2,0.9552
ST0029-C04,ST0029,Office_Commercial,DC_Fast,30,CCS2,0.9567
ST0029-C05,ST0029,Office_Commercial,DC_Ultra,120,CCS2,0.9494
ST0029-C06,ST0029,Office_Commercial,DC_Fast,50,CCS2,0.9617
ST0029-C07,ST0029,Office_Commercial,AC,11,Type2,0.9624
ST0029-C08,ST0029,Office_Commercial,AC,7,Type2,0.9628
ST0029-C09,ST0029,Office_Commercial,DC_Ultra,180,CCS2,0.9571
ST0029-C10,ST0029,Office_Commercial,AC,11,Type2,0.9475
ST0029-C11,ST0029,Office_Commercial,AC,11,Type2,0.9627
ST0030-C01,ST0030,Residential,DC_Fast,50,CCS2,0.9864
ST0030-C02,ST0030,Residential,DC_Fast,50,CCS2,0.9808
ST0030-C03,ST0030,Residential,AC,7,Type2,0.9657
ST0030-C04,ST0030,Residential,AC,22,Type2,0.9752
ST0030-C05,ST0030,Residential,AC,7,Type2,0.9732
ST0030-C06,ST0030,Residential,AC,22,Type2,0.976
ST0031-C01,ST0031,Residential,AC,11,Type2,0.9527
ST0031-C02,ST0031,Residential,AC,7,Type2,0.975
ST0031-C03,ST0031,Residential,AC,11,Type2,0.9717
ST0031-C04,ST0031,Residential,AC,22,Type2,0.9605
ST0031-C05,ST0031,Residential,AC,7,Type2,0.9652
ST0031-C06,ST0031,Residential,AC,11,Type2,0.984
ST0032-C01,ST0032,Office_Commercial,DC_Ultra,150,CCS2,0.9693
ST0032-C02,ST0032,Office_Commercial,AC,7,Type2,0.9584
ST0032-C03,ST0032,Office_Commercial,DC_Fast,60,CCS2,0.9824
ST0032-C04,ST0032,Office_Commercial,AC,11,Type2,0.9706
ST0032-C05,ST0032,Office_Commercial,DC_Fast,50,CCS2,0.9687
ST0032-C06,ST0032,Office_Commercial,DC_Fast,30,CCS2,0.9599
ST0032-C07,ST0032,Office_Commercial,AC,7,Type2,0.9691
ST0032-C08,ST0032,Office_Commercial,AC,22,Type2,0.9682
ST0032-C09,ST0032,Office_Commercial,AC,7,Type2,0.983
ST0032-C10,ST0032,Office_Commercial,AC,11,Type2,0.9687
ST0032-C11,ST0032,Office_Commercial,AC,22,Type2,0.969
ST0033-C01,ST0033,Residential,AC,7,Type2,0.9566
ST0033-C02,ST0033,Residential,AC,22,Type2,0.9525
ST0033-C03,ST0033,Residential,AC,11,Type2,0.962
ST0033-C04,ST0033,Residential,AC,22,Type2,0.9538
ST0033-C05,ST0033,Residential,AC,11,Type2,0.9448
ST0034-C01,ST0034,Residential,AC,11,Type2,0.9629
ST0034-C02,ST0034,Residential,DC_Fast,60,CCS2,0.9665
ST0034-C03,ST0034,Residential,DC_Fast,50,CCS2,0.9595
ST0034-C04,ST0034,Residential,AC,22,Type2,0.9613
ST0034-C05,ST0034,Residential,DC_Fast,50,CCS2,0.9667
ST0034-C06,ST0034,Residential,DC_Ultra,180,CCS2,0.9607
ST0034-C07,ST0034,Residential,AC,7,Type2,0.9552
ST0035-C01,ST0035,Mall_Retail,DC_Fast,60,CCS2,0.9942
ST0035-C02,ST0035,Mall_Retail,DC_Fast,30,CCS2,0.9787
ST0035-C03,ST0035,Mall_Retail,DC_Ultra,180,CCS2,0.9745
ST0035-C04,ST0035,Mall_Retail,DC_Fast,30,CCS2,0.9931
ST0035-C05,ST0035,Mall_Retail,DC_Fast,60,CCS2,0.979
ST0035-C06,ST0035,Mall_Retail,DC_Fast,60,CCS2,0.982
ST0035-C07,ST0035,Mall_Retail,DC_Fast,60,CCS2,0.981
ST0036-C01,ST0036,Highway,DC_Fast,60,CCS2,0.9415
ST0036-C02,ST0036,Highway,DC_Fast,30,CCS2,0.9489
ST0036-C03,ST0036,Highway,DC_Fast,60,CCS2,0.9439
ST0036-C04,ST0036,Highway,DC_Fast,50,CCS2,0.9387
ST0036-C05,ST0036,Highway,DC_Fast,50,CCS2,0.9447
ST0036-C06,ST0036,Highway,DC_Fast,50,CCS2,0.9516
ST0036-C07,ST0036,Highway,DC_Ultra,150,CCS2,0.9552
ST0036-C08,ST0036,Highway,DC_Fast,50,CCS2,0.9343
ST0036-C09,ST0036,Highway,DC_Fast,30,CCS2,0.9493
ST0036-C10,ST0036,Highway,DC_Fast,50,CCS2,0.9486
ST0036-C11,ST0036,Highway,DC_Fast,60,CCS2,0.9512
ST0036-C12,ST0036,Highway,DC_Fast,60,CCS2,0.9405
ST0036-C13,ST0036,Highway,DC_Fast,60,CCS2,0.9407
ST0036-C14,ST0036,Highway,DC_Ultra,120,CCS2,0.9594
ST0036-C15,ST0036,Highway,DC_Fast,50,CCS2,0.9294
ST0037-C01,ST0037,Hotel,DC_Fast,50,CCS2,0.9702
ST0037-C02,ST0037,Hotel,DC_Fast,50,CCS2,0.9648
ST0037-C03,ST0037,Hotel,AC,11,Type2,0.9779
ST0037-C04,ST0037,Hotel,AC,22,Type2,0.9898
ST0037-C05,ST0037,Hotel,AC,22,Type2,0.9936
ST0037-C06,ST0037,Hotel,AC,22,Type2,0.9669
ST0037-C07,ST0037,Hotel,DC_Fast,50,CCS2,0.9685
ST0038-C01,ST0038,Mall_Retail,AC,22,Type2,0.9631
ST0038-C02,ST0038,Mall_Retail,DC_Fast,50,CCS2,0.9817
ST0038-C03,ST0038,Mall_Retail,DC_Fast,50,CCS2,0.9683
ST0038-C04,ST0038,Mall_Retail,AC,22,Type2,0.9718
ST0038-C05,ST0038,Mall_Retail,DC_Fast,60,CCS2,0.9695
ST0038-C06,ST0038,Mall_Retail,DC_Ultra,150,CCS2,0.9694
ST0039-C01,ST0039,Fleet,DC_Fast,60,CCS2,0.995
ST0039-C02,ST0039,Fleet,DC_Fast,50,CCS2,0.995
ST0039-C03,ST0039,Fleet,DC_Fast,50,CCS2,0.9922
ST0039-C04,ST0039,Fleet,DC_Fast,30,CCS2,0.9716
ST0039-C05,ST0039,Fleet,DC_Ultra,180,CCS2,0.9658
ST0039-C06,ST0039,Fleet,DC_Fast,50,CCS2,0.995
ST0039-C07,ST0039,Fleet,DC_Ultra,180,CCS2,0.9857
ST0039-C08,ST0039,Fleet,DC_Fast,30,CCS2,0.995
ST0039-C09,ST0039,Fleet,DC_Fast,60,CCS2,0.995
ST0039-C10,ST0039,Fleet,DC_Fast,60,CCS2,0.995
ST0039-C11,ST0039,Fleet,DC_Fast,50,CCS2,0.995
ST0039-C12,ST0039,Fleet,AC,11,Type2,0.9941
ST0039-C13,ST0039,Fleet,DC_Fast,30,CCS2,0.9841
ST0040-C01,ST0040,Highway,DC_Fast,50,CCS2,0.9551
ST0040-C02,ST0040,Highway,AC,22,Type2,0.9563
ST0040-C03,ST0040,Highway,DC_Fast,30,CCS2,0.9421
ST0040-C04,ST0040,Highway,DC_Fast,60,CCS2,0.9509
ST0040-C05,ST0040,Highway,DC_Fast,50,CCS2,0.9603
ST0040-C06,ST0040,Highway,DC_Fast,60,CCS2,0.9677
ST0040-C07,ST0040,Highway,DC_Fast,60,CCS2,0.9524
ST0040-C08,ST0040,Highway,DC_Ultra,150,CCS2,0.9594
ST0040-C09,ST0040,Highway,DC_Fast,50,CCS2,0.9543
ST0040-C10,ST0040,Highway,DC_Ultra,150,CCS2,0.9528
ST0040-C11,ST0040,Highway,DC_Fast,50,CCS2,0.95
ST0040-C12,ST0040,Highway,DC_Ultra,150,CCS2,0.9533
ST0040-C13,ST0040,Highway,DC_Fast,30,CCS2,0.9587
ST0040-C14,ST0040,Highway,DC_Fast,50,CCS2,0.9593
ST0040-C15,ST0040,Highway,DC_Ultra,120,CCS2,0.9434
ST0041-C01,ST0041,Office_Commercial,AC,7,Type2,0.9812
ST0041-C02,ST0041,Office_Commercial,DC_Fast,50,CCS2,0.9866
ST0041-C03,ST0041,Office_Commercial,DC_Fast,60,CCS2,0.9872
ST0041-C04,ST0041,Office_Commercial,AC,11,Type2,0.967
ST0041-C05,ST0041,Office_Commercial,DC_Fast,60,CCS2,0.9665
ST0041-C06,ST0041,Office_Commercial,AC,7,Type2,0.9839
ST0042-C01,ST0042,Hotel,AC,7,Type2,0.9698
ST0042-C02,ST0042,Hotel,DC_Ultra,180,CCS2,0.9819
ST0042-C03,ST0042,Hotel,AC,11,Type2,0.9804
ST0042-C04,ST0042,Hotel,DC_Fast,60,CCS2,0.9664
ST0043-C01,ST0043,Residential,AC,22,Type2,0.9624
ST0043-C02,ST0043,Residential,AC,22,Type2,0.9732
ST0043-C03,ST0043,Residential,AC,11,Type2,0.9613
ST0043-C04,ST0043,Residential,AC,7,Type2,0.9735
ST0043-C05,ST0043,Residential,AC,7,Type2,0.9732
ST0043-C06,ST0043,Residential,DC_Fast,50,CCS2,0.9711
ST0043-C07,ST0043,Residential,DC_Fast,50,CCS2,0.9686
ST0043-C08,ST0043,Residential,DC_Fast,60,CCS2,0.9671
ST0044-C01,ST0044,Fleet,AC,22,Type2,0.9841
ST0044-C02,ST0044,Fleet,DC_Fast,30,CCS2,0.9714
ST0044-C03,ST0044,Fleet,DC_Ultra,180,CCS2,0.9731
ST0044-C04,ST0044,Fleet,DC_Ultra,180,CCS2,0.9693
ST0044-C05,ST0044,Fleet,DC_Fast,30,CCS2,0.9603
ST0044-C06,ST0044,Fleet,DC_Ultra,120,CCS2,0.9704
ST0044-C07,ST0044,Fleet,DC_Fast,50,CCS2,0.9727
ST0044-C08,ST0044,Fleet,DC_Fast,50,CCS2,0.974
ST0044-C09,ST0044,Fleet,DC_Ultra,180,CCS2,0.9824
ST0044-C10,ST0044,Fleet,DC_Fast,30,CCS2,0.9766
ST0044-C11,ST0044,Fleet,DC_Fast,60,CCS2,0.9825
ST0044-C12,ST0044,Fleet,DC_Fast,50,CCS2,0.9775
ST0044-C13,ST0044,Fleet,DC_Fast,30,CCS2,0.9768
ST0045-C01,ST0045,Highway,DC_Fast,50,CCS2,0.9931
ST0045-C02,ST0045,Highway,DC_Ultra,120,CCS2,0.995
ST0045-C03,ST0045,Highway,DC_Ultra,120,CCS2,0.9921
ST0045-C04,ST0045,Highway,DC_Ultra,150,CCS2,0.9871
ST0045-C05,ST0045,Highway,DC_Fast,30,CCS2,0.995
ST0045-C06,ST0045,Highway,DC_Fast,50,CCS2,0.9931
ST0045-C07,ST0045,Highway,DC_Ultra,120,CCS2,0.9928
ST0045-C08,ST0045,Highway,DC_Ultra,180,CCS2,0.9942
ST0046-C01,ST0046,Residential,AC,22,Type2,0.9802
ST0046-C02,ST0046,Residential,DC_Fast,50,CCS2,0.9794
ST0046-C03,ST0046,Residential,DC_Fast,50,CCS2,0.9694
ST0046-C04,ST0046,Residential,AC,11,Type2,0.9691
ST0047-C01,ST0047,Office_Commercial,DC_Fast,30,CCS2,0.995
ST0047-C02,ST0047,Office_Commercial,AC,22,Type2,0.995
ST0047-C03,ST0047,Office_Commercial,AC,22,Type2,0.995
ST0047-C04,ST0047,Office_Commercial,AC,22,Type2,0.995
ST0047-C05,ST0047,Office_Commercial,DC_Fast,50,CCS2,0.995
ST0047-C06,ST0047,Office_Commercial,AC,22,Type2,0.9754
ST0047-C07,ST0047,Office_Commercial,AC,7,Type2,0.9855
ST0048-C01,ST0048,Office_Commercial,DC_Fast,30,CCS2,0.9674
ST0048-C02,ST0048,Office_Commercial,AC,11,Type2,0.9757
ST0048-C03,ST0048,Office_Commercial,DC_Fast,50,CCS2,0.9759
ST0048-C04,ST0048,Office_Commercial,DC_Fast,60,CCS2,0.9705
ST0048-C05,ST0048,Office_Commercial,DC_Fast,50,CCS2,0.9795
ST0048-C06,ST0048,Office_Commercial,DC_Fast,50,CCS2,0.966
ST0048-C07,ST0048,Office_Commercial,DC_Fast,50,CCS2,0.9702
ST0048-C08,ST0048,Office_Commercial,AC,7,Type2,0.9765
ST0049-C01,ST0049,Hotel,AC,11,Type2,0.9827
ST0049-C02,ST0049,Hotel,DC_Fast,30,CCS2,0.995
ST0049-C03,ST0049,Hotel,DC_Fast,50,CCS2,0.975
ST0049-C04,ST0049,Hotel,AC,22,Type2,0.995
ST0049-C05,ST0049,Hotel,DC_Fast,30,CCS2,0.9742
ST0049-C06,ST0049,Hotel,AC,11,Type2,0.9882
ST0050-C01,ST0050,Mall_Retail,AC,22,Type2,0.9819
ST0050-C02,ST0050,Mall_Retail,DC_Ultra,120,CCS2,0.9766
ST0050-C03,ST0050,Mall_Retail,AC,7,Type2,0.9696
ST0050-C04,ST0050,Mall_Retail,DC_Fast,30,CCS2,0.995
ST0050-C05,ST0050,Mall_Retail,AC,22,Type2,0.995
ST0050-C06,ST0050,Mall_Retail,DC_Fast,50,CCS2,0.9939
ST0050-C07,ST0050,Mall_Retail,AC,7,Type2,0.9918
ST0050-C08,ST0050,Mall_Retail,DC_Fast,50,CCS2,0.983
ST0050-C09,ST0050,Mall_Retail,AC,11,Type2,0.9921
ST0051-C01,ST0051,Mall_Retail,AC,7,Type2,0.9814
ST0051-C02,ST0051,Mall_Retail,DC_Ultra,180,CCS2,0.961
ST0051-C03,ST0051,Mall_Retail,DC_Fast,50,CCS2,0.9648
ST0051-C04,ST0051,Mall_Retail,DC_Fast,50,CCS2,0.9695
ST0051-C05,ST0051,Mall_Retail,DC_Ultra,180,CCS2,0.9545
ST0051-C06,ST0051,Mall_Retail,DC_Fast,50,CCS2,0.9565
ST0051-C07,ST0051,Mall_Retail,DC_Fast,50,CCS2,0.9811
ST0051-C08,ST0051,Mall_Retail,DC_Fast,50,CCS2,0.9714
ST0051-C09,ST0051,Mall_Retail,AC,11,Type2,0.964
ST0051-C10,ST0051,Mall_Retail,AC,11,Type2,0.9687
ST0052-C01,ST0052,Residential,AC,22,Type2,0.9848
ST0052-C02,ST0052,Residential,AC,22,Type2,0.9919
ST0052-C03,ST0052,Residential,DC_Fast,60,CCS2,0.9766
ST0052-C04,ST0052,Residential,AC,22,Type2,0.9746
ST0052-C05,ST0052,Residential,AC,7,Type2,0.9748
ST0052-C06,ST0052,Residential,AC,22,Type2,0.9825
ST0052-C07,ST0052,Residential,DC_Fast,30,CCS2,0.9891
ST0052-C08,ST0052,Residential,AC,22,Type2,0.9635
ST0052-C09,ST0052,Residential,DC_Fast,50,CCS2,0.9801
ST0053-C01,ST0053,Transit_Public,DC_Fast,60,CCS2,0.9506
ST0053-C02,ST0053,Transit_Public,DC_Fast,50,CCS2,0.9603
ST0053-C03,ST0053,Transit_Public,DC_Ultra,150,CCS2,0.9395
ST0053-C04,ST0053,Transit_Public,DC_Fast,60,CCS2,0.9659
ST0053-C05,ST0053,Transit_Public,DC_Fast,50,CCS2,0.9401
ST0053-C06,ST0053,Transit_Public,DC_Fast,50,CCS2,0.9698
ST0053-C07,ST0053,Transit_Public,AC,11,Type2,0.9571
ST0053-C08,ST0053,Transit_Public,DC_Fast,30,CCS2,0.9663
ST0053-C09,ST0053,Transit_Public,DC_Fast,60,CCS2,0.9631
ST0053-C10,ST0053,Transit_Public,DC_Fast,50,CCS2,0.9746
ST0053-C11,ST0053,Transit_Public,DC_Ultra,120,CCS2,0.9629
ST0053-C12,ST0053,Transit_Public,DC_Ultra,150,CCS2,0.9694
ST0054-C01,ST0054,Mall_Retail,AC,22,Type2,0.9813
ST0054-C02,ST0054,Mall_Retail,DC_Fast,60,CCS2,0.994
ST0054-C03,ST0054,Mall_Retail,DC_Fast,30,CCS2,0.9844
ST0054-C04,ST0054,Mall_Retail,DC_Fast,60,CCS2,0.9774
ST0054-C05,ST0054,Mall_Retail,AC,11,Type2,0.9825
ST0054-C06,ST0054,Mall_Retail,DC_Fast,30,CCS2,0.9749
ST0054-C07,ST0054,Mall_Retail,DC_Fast,60,CCS2,0.995
ST0054-C08,ST0054,Mall_Retail,AC,7,Type2,0.9732
ST0054-C09,ST0054,Mall_Retail,AC,11,Type2,0.9782
ST0054-C10,ST0054,Mall_Retail,AC,7,Type2,0.9836
ST0054-C11,ST0054,Mall_Retail,AC,22,Type2,0.9819
ST0054-C12,ST0054,Mall_Retail,AC,22,Type2,0.9828
ST0055-C01,ST0055,Residential,AC,7,Type2,0.995
ST0055-C02,ST0055,Residential,DC_Fast,60,CCS2,0.995
ST0055-C03,ST0055,Residential,AC,22,Type2,0.995
ST0055-C04,ST0055,Residential,AC,22,Type2,0.995
ST0055-C05,ST0055,Residential,AC,22,Type2,0.9814
ST0055-C06,ST0055,Residential,AC,7,Type2,0.995
ST0055-C07,ST0055,Residential,DC_Ultra,150,CCS2,0.995
ST0055-C08,ST0055,Residential,AC,22,Type2,0.995
ST0056-C01,ST0056,Office_Commercial,DC_Fast,50,CCS2,0.9409
ST0056-C02,ST0056,Office_Commercial,DC_Fast,50,CCS2,0.942
ST0056-C03,ST0056,Office_Commercial,DC_Fast,30,CCS2,0.9313
ST0056-C04,ST0056,Office_Commercial,AC,22,Type2,0.9511
ST0056-C05,ST0056,Office_Commercial,AC,11,Type2,0.9509
ST0056-C06,ST0056,Office_Commercial,AC,22,Type2,0.9558
ST0056-C07,ST0056,Office_Commercial,AC,7,Type2,0.9447
ST0056-C08,ST0056,Office_Commercial,AC,7,Type2,0.9417
ST0056-C09,ST0056,Office_Commercial,DC_Fast,50,CCS2,0.9483
ST0057-C01,ST0057,Highway,DC_Fast,50,CCS2,0.9805
ST0057-C02,ST0057,Highway,DC_Fast,50,CCS2,0.9853
ST0057-C03,ST0057,Highway,DC_Fast,50,CCS2,0.9837
ST0057-C04,ST0057,Highway,DC_Ultra,150,CCS2,0.9888
ST0057-C05,ST0057,Highway,DC_Fast,50,CCS2,0.9874
ST0057-C06,ST0057,Highway,DC_Ultra,120,CCS2,0.98
ST0057-C07,ST0057,Highway,DC_Ultra,120,CCS2,0.9753
ST0057-C08,ST0057,Highway,DC_Fast,50,CCS2,0.9841
ST0057-C09,ST0057,Highway,AC,11,Type2,0.9787
ST0057-C10,ST0057,Highway,DC_Fast,60,CCS2,0.9722
ST0057-C11,ST0057,Highway,DC_Fast,50,CCS2,0.9769
ST0057-C12,ST0057,Highway,DC_Ultra,120,CCS2,0.9711
ST0058-C01,ST0058,Highway,DC_Fast,60,CCS2,0.9748
ST0058-C02,ST0058,Highway,DC_Fast,50,CCS2,0.977
ST0058-C03,ST0058,Highway,AC,22,Type2,0.9683
ST0058-C04,ST0058,Highway,DC_Ultra,150,CCS2,0.9778
ST0058-C05,ST0058,Highway,DC_Fast,60,CCS2,0.9744
ST0058-C06,ST0058,Highway,DC_Ultra,150,CCS2,0.9632
ST0058-C07,ST0058,Highway,DC_Fast,50,CCS2,0.96
ST0058-C08,ST0058,Highway,AC,7,Type2,0.9831
ST0058-C09,ST0058,Highway,DC_Ultra,150,CCS2,0.956
ST0058-C10,ST0058,Highway,DC_Fast,60,CCS2,0.9728
ST0058-C11,ST0058,Highway,DC_Ultra,120,CCS2,0.9624
ST0058-C12,ST0058,Highway,DC_Fast,30,CCS2,0.9877
ST0058-C13,ST0058,Highway,DC_Fast,50,CCS2,0.9786
ST0059-C01,ST0059,Mall_Retail,DC_Ultra,120,CCS2,0.98
ST0059-C02,ST0059,Mall_Retail,DC_Fast,60,CCS2,0.9822
ST0059-C03,ST0059,Mall_Retail,DC_Fast,50,CCS2,0.9876
ST0059-C04,ST0059,Mall_Retail,AC,22,Type2,0.9907
ST0059-C05,ST0059,Mall_Retail,DC_Fast,50,CCS2,0.9805
ST0059-C06,ST0059,Mall_Retail,DC_Fast,50,CCS2,0.995
ST0059-C07,ST0059,Mall_Retail,AC,7,Type2,0.9833
ST0059-C08,ST0059,Mall_Retail,AC,11,Type2,0.9681
ST0059-C09,ST0059,Mall_Retail,AC,22,Type2,0.995
ST0060-C01,ST0060,Transit_Public,DC_Fast,50,CCS2,0.9563
ST0060-C02,ST0060,Transit_Public,AC,22,Type2,0.9487
ST0060-C03,ST0060,Transit_Public,DC_Fast,50,CCS2,0.9569
ST0060-C04,ST0060,Transit_Public,DC_Fast,60,CCS2,0.9554
ST0060-C05,ST0060,Transit_Public,DC_Fast,50,CCS2,0.9684
ST0060-C06,ST0060,Transit_Public,AC,7,Type2,0.9417
ST0060-C07,ST0060,Transit_Public,DC_Fast,50,CCS2,0.9632
ST0060-C08,ST0060,Transit_Public,DC_Ultra,150,CCS2,0.9667
ST0061-C01,ST0061,Office_Commercial,DC_Fast,50,CCS2,0.9918
ST0061-C02,ST0061,Office_Commercial,AC,7,Type2,0.995
ST0061-C03,ST0061,Office_Commercial,AC,22,Type2,0.9757
ST0061-C04,ST0061,Office_Commercial,DC_Fast,50,CCS2,0.9943
ST0061-C05,ST0061,Office_Commercial,DC_Fast,30,CCS2,0.9774
ST0061-C06,ST0061,Office_Commercial,DC_Ultra,120,CCS2,0.9852
ST0061-C07,ST0061,Office_Commercial,DC_Fast,50,CCS2,0.9789
ST0061-C08,ST0061,Office_Commercial,DC_Fast,50,CCS2,0.9841
ST0062-C01,ST0062,Residential,AC,22,Type2,0.995
ST0062-C02,ST0062,Residential,DC_Fast,50,CCS2,0.9823
ST0062-C03,ST0062,Residential,AC,7,Type2,0.9932
ST0062-C04,ST0062,Residential,DC_Fast,60,CCS2,0.9949
ST0062-C05,ST0062,Residential,AC,22,Type2,0.9849
ST0062-C06,ST0062,Residential,DC_Fast,30,CCS2,0.995
ST0062-C07,ST0062,Residential,DC_Fast,60,CCS2,0.995
ST0062-C08,ST0062,Residential,AC,7,Type2,0.9938
ST0062-C09,ST0062,Residential,AC,22,Type2,0.9894
ST0063-C01,ST0063,Mall_Retail,DC_Fast,50,CCS2,0.9603
ST0063-C02,ST0063,Mall_Retail,DC_Fast,50,CCS2,0.9658
ST0063-C03,ST0063,Mall_Retail,DC_Fast,60,CCS2,0.9752
ST0063-C04,ST0063,Mall_Retail,AC,11,Type2,0.9735
ST0063-C05,ST0063,Mall_Retail,AC,7,Type2,0.9631
ST0063-C06,ST0063,Mall_Retail,DC_Fast,60,CCS2,0.9807
ST0064-C01,ST0064,Highway,DC_Fast,50,CCS2,0.9457
ST0064-C02,ST0064,Highway,DC_Fast,30,CCS2,0.9406
ST0064-C03,ST0064,Highway,DC_Fast,50,CCS2,0.9693
ST0064-C04,ST0064,Highway,DC_Fast,60,CCS2,0.9486
ST0064-C05,ST0064,Highway,DC_Fast,30,CCS2,0.9506
ST0064-C06,ST0064,Highway,DC_Ultra,150,CCS2,0.9521
ST0064-C07,ST0064,Highway,DC_Ultra,120,CCS2,0.9475
ST0064-C08,ST0064,Highway,DC_Ultra,180,CCS2,0.9272
ST0064-C09,ST0064,Highway,DC_Fast,50,CCS2,0.949
ST0065-C01,ST0065,Residential,DC_Fast,30,CCS2,0.9511
ST0065-C02,ST0065,Residential,AC,22,Type2,0.9347
ST0065-C03,ST0065,Residential,AC,11,Type2,0.9489
ST0065-C04,ST0065,Residential,DC_Fast,50,CCS2,0.937
ST0066-C01,ST0066,Residential,DC_Fast,50,CCS2,0.9863
ST0066-C02,ST0066,Residential,DC_Fast,50,CCS2,0.9713
ST0066-C03,ST0066,Residential,AC,22,Type2,0.9871
ST0066-C04,ST0066,Residential,AC,22,Type2,0.9738
ST0066-C05,ST0066,Residential,AC,11,Type2,0.9644
ST0066-C06,ST0066,Residential,AC,22,Type2,0.9628
ST0067-C01,ST0067,Highway,DC_Ultra,180,CCS2,0.9825
ST0067-C02,ST0067,Highway,DC_Ultra,150,CCS2,0.9796
ST0067-C03,ST0067,Highway,DC_Ultra,150,CCS2,0.9893
ST0067-C04,ST0067,Highway,DC_Fast,50,CCS2,0.9756
ST0067-C05,ST0067,Highway,DC_Fast,30,CCS2,0.9694
ST0067-C06,ST0067,Highway,DC_Fast,60,CCS2,0.9771
ST0067-C07,ST0067,Highway,DC_Ultra,150,CCS2,0.9763
ST0067-C08,ST0067,Highway,AC,11,Type2,0.9771
ST0067-C09,ST0067,Highway,DC_Fast,30,CCS2,0.9803
ST0067-C10,ST0067,Highway,DC_Ultra,180,CCS2,0.9771
ST0067-C11,ST0067,Highway,DC_Fast,60,CCS2,0.9802
ST0067-C12,ST0067,Highway,DC_Ultra,180,CCS2,0.9771
ST0067-C13,ST0067,Highway,DC_Fast,50,CCS2,0.9847
ST0068-C01,ST0068,Office_Commercial,DC_Fast,50,CCS2,0.966
ST0068-C02,ST0068,Office_Commercial,AC,22,Type2,0.9491
ST0068-C03,ST0068,Office_Commercial,AC,11,Type2,0.9664
ST0068-C04,ST0068,Office_Commercial,AC,22,Type2,0.9683
ST0068-C05,ST0068,Office_Commercial,DC_Ultra,180,CCS2,0.9631
ST0068-C06,ST0068,Office_Commercial,DC_Fast,30,CCS2,0.9566
ST0068-C07,ST0068,Office_Commercial,DC_Fast,30,CCS2,0.9561
ST0068-C08,ST0068,Office_Commercial,DC_Fast,30,CCS2,0.9827
ST0068-C09,ST0068,Office_Commercial,DC_Fast,30,CCS2,0.9681
ST0068-C10,ST0068,Office_Commercial,DC_Fast,60,CCS2,0.9631
ST0068-C11,ST0068,Office_Commercial,AC,22,Type2,0.9676
ST0068-C12,ST0068,Office_Commercial,DC_Fast,60,CCS2,0.9671
ST0069-C01,ST0069,Office_Commercial,DC_Fast,50,CCS2,0.9714
ST0069-C02,ST0069,Office_Commercial,DC_Fast,60,CCS2,0.9614
ST0069-C03,ST0069,Office_Commercial,AC,22,Type2,0.9621
ST0069-C04,ST0069,Office_Commercial,AC,7,Type2,0.9598
ST0069-C05,ST0069,Office_Commercial,DC_Fast,60,CCS2,0.9607
ST0069-C06,ST0069,Office_Commercial,AC,11,Type2,0.9748
ST0069-C07,ST0069,Office_Commercial,DC_Fast,50,CCS2,0.9797
ST0069-C08,ST0069,Office_Commercial,AC,11,Type2,0.9578
ST0069-C09,ST0069,Office_Commercial,AC,7,Type2,0.9566
ST0069-C10,ST0069,Office_Commercial,AC,22,Type2,0.961
ST0069-C11,ST0069,Office_Commercial,DC_Fast,30,CCS2,0.9576
ST0070-C01,ST0070,Office_Commercial,AC,11,Type2,0.9512
ST0070-C02,ST0070,Office_Commercial,AC,11,Type2,0.9642
ST0070-C03,ST0070,Office_Commercial,AC,11,Type2,0.953
ST0070-C04,ST0070,Office_Commercial,AC,11,Type2,0.9523
ST0070-C05,ST0070,Office_Commercial,DC_Fast,50,CCS2,0.9623
ST0070-C06,ST0070,Office_Commercial,AC,7,Type2,0.9514
ST0070-C07,ST0070,Office_Commercial,DC_Fast,50,CCS2,0.9427
ST0071-C01,ST0071,Fleet,DC_Fast,60,CCS2,0.9631
ST0071-C02,ST0071,Fleet,DC_Fast,50,CCS2,0.9645
ST0071-C03,ST0071,Fleet,DC_Ultra,180,CCS2,0.9622
ST0071-C04,ST0071,Fleet,DC_Fast,50,CCS2,0.9692
ST0071-C05,ST0071,Fleet,DC_Fast,50,CCS2,0.9624
ST0071-C06,ST0071,Fleet,DC_Fast,60,CCS2,0.9503
ST0071-C07,ST0071,Fleet,AC,22,Type2,0.9657
ST0071-C08,ST0071,Fleet,AC,22,Type2,0.9734
ST0071-C09,ST0071,Fleet,DC_Fast,60,CCS2,0.9499
ST0071-C10,ST0071,Fleet,DC_Ultra,150,CCS2,0.9656
ST0072-C01,ST0072,Residential,AC,11,Type2,0.962
ST0072-C02,ST0072,Residential,AC,11,Type2,0.9759
ST0072-C03,ST0072,Residential,DC_Ultra,180,CCS2,0.962
ST0072-C04,ST0072,Residential,DC_Ultra,180,CCS2,0.975
ST0072-C05,ST0072,Residential,AC,7,Type2,0.9601
ST0072-C06,ST0072,Residential,AC,11,Type2,0.9736
ST0072-C07,ST0072,Residential,DC_Fast,50,CCS2,0.9708
ST0072-C08,ST0072,Residential,DC_Fast,50,CCS2,0.9808
ST0072-C09,ST0072,Residential,AC,11,Type2,0.9643
ST0073-C01,ST0073,Residential,AC,11,Type2,0.9523
ST0073-C02,ST0073,Residential,AC,22,Type2,0.955
ST0073-C03,ST0073,Residential,DC_Fast,30,CCS2,0.9612
ST0073-C04,ST0073,Residential,AC,11,Type2,0.9561
ST0073-C05,ST0073,Residential,AC,22,Type2,0.9605
ST0073-C06,ST0073,Residential,DC_Fast,50,CCS2,0.9626
ST0073-C07,ST0073,Residential,AC,11,Type2,0.9687
ST0073-C08,ST0073,Residential,AC,22,Type2,0.9597
ST0074-C01,ST0074,Mall_Retail,AC,22,Type2,0.95
ST0074-C02,ST0074,Mall_Retail,AC,11,Type2,0.9791
ST0074-C03,ST0074,Mall_Retail,DC_Ultra,150,CCS2,0.9516
ST0074-C04,ST0074,Mall_Retail,DC_Fast,30,CCS2,0.976
ST0074-C05,ST0074,Mall_Retail,AC,22,Type2,0.9654
ST0074-C06,ST0074,Mall_Retail,AC,11,Type2,0.9667
ST0074-C07,ST0074,Mall_Retail,DC_Fast,50,CCS2,0.9662
ST0074-C08,ST0074,Mall_Retail,DC_Fast,60,CCS2,0.9689
ST0074-C09,ST0074,Mall_Retail,DC_Fast,30,CCS2,0.9583
ST0075-C01,ST0075,Office_Commercial,DC_Fast,50,CCS2,0.9592
ST0075-C02,ST0075,Office_Commercial,AC,7,Type2,0.9594
ST0075-C03,ST0075,Office_Commercial,AC,22,Type2,0.9547
ST0075-C04,ST0075,Office_Commercial,AC,22,Type2,0.9506
ST0075-C05,ST0075,Office_Commercial,DC_Fast,60,CCS2,0.9482
ST0075-C06,ST0075,Office_Commercial,AC,11,Type2,0.9588
ST0075-C07,ST0075,Office_Commercial,AC,22,Type2,0.9639
ST0075-C08,ST0075,Office_Commercial,DC_Fast,50,CCS2,0.9495
ST0075-C09,ST0075,Office_Commercial,DC_Ultra,150,CCS2,0.9519
ST0076-C01,ST0076,Fleet,DC_Fast,60,CCS2,0.9731
ST0076-C02,ST0076,Fleet,AC,22,Type2,0.9836
ST0076-C03,ST0076,Fleet,DC_Fast,60,CCS2,0.9785
ST0076-C04,ST0076,Fleet,DC_Ultra,150,CCS2,0.9737
ST0076-C05,ST0076,Fleet,DC_Fast,50,CCS2,0.9741
ST0076-C06,ST0076,Fleet,DC_Fast,60,CCS2,0.9809
ST0076-C07,ST0076,Fleet,DC_Fast,30,CCS2,0.9779
ST0076-C08,ST0076,Fleet,DC_Ultra,150,CCS2,0.9769
ST0076-C09,ST0076,Fleet,DC_Fast,50,CCS2,0.9844
ST0076-C10,ST0076,Fleet,DC_Fast,50,CCS2,0.9697
ST0076-C11,ST0076,Fleet,DC_Fast,60,CCS2,0.9856
ST0076-C12,ST0076,Fleet,DC_Fast,60,CCS2,0.9912
ST0076-C13,ST0076,Fleet,DC_Fast,60,CCS2,0.9816
ST0076-C14,ST0076,Fleet,DC_Ultra,120,CCS2,0.9852
ST0077-C01,ST0077,Fleet,DC_Fast,50,CCS2,0.9826
ST0077-C02,ST0077,Fleet,DC_Fast,30,CCS2,0.9781
ST0077-C03,ST0077,Fleet,DC_Fast,50,CCS2,0.9803
ST0077-C04,ST0077,Fleet,DC_Fast,50,CCS2,0.9719
ST0077-C05,ST0077,Fleet,AC,11,Type2,0.9744
ST0077-C06,ST0077,Fleet,DC_Fast,50,CCS2,0.9741
ST0077-C07,ST0077,Fleet,DC_Fast,50,CCS2,0.9703
ST0077-C08,ST0077,Fleet,DC_Fast,50,CCS2,0.9655
ST0077-C09,ST0077,Fleet,DC_Fast,60,CCS2,0.9808
ST0077-C10,ST0077,Fleet,DC_Fast,30,CCS2,0.9841
ST0077-C11,ST0077,Fleet,DC_Fast,60,CCS2,0.9795
ST0077-C12,ST0077,Fleet,AC,22,Type2,0.9757
ST0077-C13,ST0077,Fleet,DC_Fast,60,CCS2,0.9941
ST0078-C01,ST0078,Office_Commercial,AC,11,Type2,0.995
ST0078-C02,ST0078,Office_Commercial,AC,11,Type2,0.9797
ST0078-C03,ST0078,Office_Commercial,DC_Fast,60,CCS2,0.995
ST0078-C04,ST0078,Office_Commercial,AC,7,Type2,0.9911
ST0078-C05,ST0078,Office_Commercial,AC,11,Type2,0.9845
ST0078-C06,ST0078,Office_Commercial,DC_Ultra,150,CCS2,0.9936
ST0078-C07,ST0078,Office_Commercial,AC,11,Type2,0.9835
ST0079-C01,ST0079,Highway,DC_Fast,30,CCS2,0.9876
ST0079-C02,ST0079,Highway,DC_Fast,50,CCS2,0.983
ST0079-C03,ST0079,Highway,DC_Ultra,120,CCS2,0.9788
ST0079-C04,ST0079,Highway,DC_Fast,50,CCS2,0.9941
ST0079-C05,ST0079,Highway,DC_Fast,50,CCS2,0.995
ST0079-C06,ST0079,Highway,DC_Ultra,150,CCS2,0.9757
ST0079-C07,ST0079,Highway,DC_Fast,60,CCS2,0.992
ST0079-C08,ST0079,Highway,DC_Fast,50,CCS2,0.9875
ST0079-C09,ST0079,Highway,DC_Ultra,150,CCS2,0.9928
ST0079-C10,ST0079,Highway,DC_Fast,50,CCS2,0.995
ST0079-C11,ST0079,Highway,DC_Fast,50,CCS2,0.9896
ST0080-C01,ST0080,Residential,DC_Fast,50,CCS2,0.9925
ST0080-C02,ST0080,Residential,DC_Fast,30,CCS2,0.995
ST0080-C03,ST0080,Residential,AC,7,Type2,0.995
ST0080-C04,ST0080,Residential,DC_Fast,50,CCS2,0.9923
ST0080-C05,ST0080,Residential,DC_Fast,30,CCS2,0.9792
ST0080-C06,ST0080,Residential,DC_Ultra,150,CCS2,0.995
ST0080-C07,ST0080,Residential,AC,7,Type2,0.9947
ST0080-C08,ST0080,Residential,AC,11,Type2,0.9778
ST0081-C01,ST0081,Mall_Retail,AC,22,Type2,0.9584
ST0081-C02,ST0081,Mall_Retail,AC,11,Type2,0.9581
ST0081-C03,ST0081,Mall_Retail,AC,22,Type2,0.9643
ST0081-C04,ST0081,Mall_Retail,AC,22,Type2,0.9428
ST0081-C05,ST0081,Mall_Retail,DC_Fast,60,CCS2,0.9594
ST0081-C06,ST0081,Mall_Retail,DC_Ultra,120,CCS2,0.9516
ST0081-C07,ST0081,Mall_Retail,DC_Ultra,120,CCS2,0.9551
ST0081-C08,ST0081,Mall_Retail,DC_Fast,60,CCS2,0.9685
ST0081-C09,ST0081,Mall_Retail,DC_Fast,60,CCS2,0.9509
ST0081-C10,ST0081,Mall_Retail,AC,7,Type2,0.9604
ST0081-C11,ST0081,Mall_Retail,DC_Fast,30,CCS2,0.9646
ST0081-C12,ST0081,Mall_Retail,DC_Fast,50,CCS2,0.9612
ST0082-C01,ST0082,Office_Commercial,AC,11,Type2,0.951
ST0082-C02,ST0082,Office_Commercial,DC_Fast,50,CCS2,0.9573
ST0082-C03,ST0082,Office_Commercial,AC,7,Type2,0.9752
ST0082-C04,ST0082,Office_Commercial,DC_Fast,50,CCS2,0.9609
ST0082-C05,ST0082,Office_Commercial,AC,22,Type2,0.9583
ST0082-C06,ST0082,Office_Commercial,AC,22,Type2,0.9545
ST0083-C01,ST0083,Office_Commercial,DC_Ultra,120,CCS2,0.9581
ST0083-C02,ST0083,Office_Commercial,DC_Fast,60,CCS2,0.9627
ST0083-C03,ST0083,Office_Commercial,AC,11,Type2,0.9651
ST0083-C04,ST0083,Office_Commercial,DC_Fast,50,CCS2,0.9588
ST0083-C05,ST0083,Office_Commercial,AC,22,Type2,0.9674
ST0083-C06,ST0083,Office_Commercial,DC_Fast,30,CCS2,0.9683
ST0083-C07,ST0083,Office_Commercial,DC_Fast,50,CCS2,0.971
ST0083-C08,ST0083,Office_Commercial,AC,11,Type2,0.9614
ST0083-C09,ST0083,Office_Commercial,DC_Ultra,120,CCS2,0.976
ST0083-C10,ST0083,Office_Commercial,AC,11,Type2,0.9704
ST0083-C11,ST0083,Office_Commercial,DC_Fast,30,CCS2,0.9881
ST0083-C12,ST0083,Office_Commercial,DC_Fast,60,CCS2,0.9597
ST0084-C01,ST0084,Residential,AC,7,Type2,0.98
ST0084-C02,ST0084,Residential,AC,22,Type2,0.9922
ST0084-C03,ST0084,Residential,AC,22,Type2,0.9603
ST0084-C04,ST0084,Residential,AC,22,Type2,0.9613
ST0084-C05,ST0084,Residential,AC,22,Type2,0.9742
ST0084-C06,ST0084,Residential,DC_Fast,50,CCS2,0.9913
ST0084-C07,ST0084,Residential,AC,11,Type2,0.981
ST0084-C08,ST0084,Residential,DC_Fast,30,CCS2,0.9672
ST0085-C01,ST0085,Mall_Retail,AC,11,Type2,0.9697
ST0085-C02,ST0085,Mall_Retail,DC_Fast,60,CCS2,0.9625
ST0085-C03,ST0085,Mall_Retail,AC,22,Type2,0.9684
ST0085-C04,ST0085,Mall_Retail,AC,7,Type2,0.9614
ST0085-C05,ST0085,Mall_Retail,DC_Fast,50,CCS2,0.9727
ST0085-C06,ST0085,Mall_Retail,DC_Fast,50,CCS2,0.9791
ST0085-C07,ST0085,Mall_Retail,AC,11,Type2,0.965
ST0085-C08,ST0085,Mall_Retail,DC_Fast,60,CCS2,0.9641
ST0085-C09,ST0085,Mall_Retail,DC_Fast,60,CCS2,0.953
ST0086-C01,ST0086,Highway,DC_Fast,60,CCS2,0.9876
ST0086-C02,ST0086,Highway,DC_Fast,30,CCS2,0.9947
ST0086-C03,ST0086,Highway,DC_Ultra,180,CCS2,0.9878
ST0086-C04,ST0086,Highway,DC_Ultra,150,CCS2,0.995
ST0086-C05,ST0086,Highway,DC_Ultra,150,CCS2,0.9839
ST0086-C06,ST0086,Highway,AC,11,Type2,0.995
ST0086-C07,ST0086,Highway,DC_Fast,30,CCS2,0.9823
ST0086-C08,ST0086,Highway,DC_Fast,30,CCS2,0.9946
ST0086-C09,ST0086,Highway,DC_Ultra,150,CCS2,0.9867
ST0086-C10,ST0086,Highway,DC_Fast,60,CCS2,0.995
ST0086-C11,ST0086,Highway,DC_Fast,50,CCS2,0.995
ST0086-C12,ST0086,Highway,DC_Fast,50,CCS2,0.995
ST0086-C13,ST0086,Highway,DC_Fast,50,CCS2,0.995
ST0087-C01,ST0087,Mall_Retail,DC_Ultra,120,CCS2,0.9604
ST0087-C02,ST0087,Mall_Retail,DC_Ultra,150,CCS2,0.9764
ST0087-C03,ST0087,Mall_Retail,AC,7,Type2,0.9446
ST0087-C04,ST0087,Mall_Retail,DC_Fast,50,CCS2,0.9842
ST0087-C05,ST0087,Mall_Retail,AC,11,Type2,0.9532
ST0087-C06,ST0087,Mall_Retail,DC_Fast,50,CCS2,0.9692
ST0087-C07,ST0087,Mall_Retail,AC,22,Type2,0.9713
ST0087-C08,ST0087,Mall_Retail,AC,11,Type2,0.972
ST0087-C09,ST0087,Mall_Retail,DC_Fast,60,CCS2,0.9873
ST0087-C10,ST0087,Mall_Retail,DC_Fast,50,CCS2,0.9565
ST0087-C11,ST0087,Mall_Retail,DC_Ultra,120,CCS2,0.9782
ST0088-C01,ST0088,Transit_Public,DC_Fast,50,CCS2,0.9602
ST0088-C02,ST0088,Transit_Public,DC_Fast,60,CCS2,0.9727
ST0088-C03,ST0088,Transit_Public,DC_Fast,50,CCS2,0.9675
ST0088-C04,ST0088,Transit_Public,AC,7,Type2,0.9638
ST0088-C05,ST0088,Transit_Public,DC_Ultra,120,CCS2,0.9682
ST0088-C06,ST0088,Transit_Public,DC_Ultra,180,CCS2,0.9612
ST0088-C07,ST0088,Transit_Public,AC,22,Type2,0.9549
ST0088-C08,ST0088,Transit_Public,AC,11,Type2,0.9751
ST0088-C09,ST0088,Transit_Public,AC,11,Type2,0.9606
ST0088-C10,ST0088,Transit_Public,DC_Ultra,150,CCS2,0.9663
ST0088-C11,ST0088,Transit_Public,AC,7,Type2,0.9381
ST0089-C01,ST0089,Office_Commercial,AC,7,Type2,0.9776
ST0089-C02,ST0089,Office_Commercial,DC_Fast,30,CCS2,0.9716
ST0089-C03,ST0089,Office_Commercial,DC_Fast,60,CCS2,0.995
ST0089-C04,ST0089,Office_Commercial,AC,7,Type2,0.9839
ST0089-C05,ST0089,Office_Commercial,DC_Fast,30,CCS2,0.9873
ST0089-C06,ST0089,Office_Commercial,DC_Fast,60,CCS2,0.9591
ST0090-C01,ST0090,Office_Commercial,AC,11,Type2,0.9892
ST0090-C02,ST0090,Office_Commercial,DC_Fast,60,CCS2,0.9837
ST0090-C03,ST0090,Office_Commercial,DC_Ultra,180,CCS2,0.9745
ST0090-C04,ST0090,Office_Commercial,AC,7,Type2,0.9852
ST0090-C05,ST0090,Office_Commercial,AC,7,Type2,0.9937
ST0090-C06,ST0090,Office_Commercial,AC,22,Type2,0.995
ST0091-C01,ST0091,Residential,DC_Ultra,120,CCS2,0.9896
ST0091-C02,ST0091,Residential,AC,7,Type2,0.9877
ST0091-C03,ST0091,Residential,AC,22,Type2,0.9945
ST0091-C04,ST0091,Residential,AC,22,Type2,0.9908
ST0091-C05,ST0091,Residential,AC,22,Type2,0.9883
ST0091-C06,ST0091,Residential,AC,22,Type2,0.9782
ST0091-C07,ST0091,Residential,AC,11,Type2,0.995
ST0091-C08,ST0091,Residential,AC,22,Type2,0.9776
ST0091-C09,ST0091,Residential,DC_Fast,50,CCS2,0.995
ST0091-C10,ST0091,Residential,AC,22,Type2,0.9748
ST0092-C01,ST0092,Mall_Retail,AC,11,Type2,0.9203
ST0092-C02,ST0092,Mall_Retail,AC,11,Type2,0.9219
ST0092-C03,ST0092,Mall_Retail,DC_Fast,60,CCS2,0.9277
ST0092-C04,ST0092,Mall_Retail,DC_Fast,60,CCS2,0.9186
ST0092-C05,ST0092,Mall_Retail,DC_Fast,30,CCS2,0.9278
ST0092-C06,ST0092,Mall_Retail,AC,11,Type2,0.9065
ST0093-C01,ST0093,Office_Commercial,DC_Fast,50,CCS2,0.971
ST0093-C02,ST0093,Office_Commercial,AC,11,Type2,0.9819
ST0093-C03,ST0093,Office_Commercial,DC_Fast,60,CCS2,0.9621
ST0093-C04,ST0093,Office_Commercial,AC,11,Type2,0.9894
ST0093-C05,ST0093,Office_Commercial,DC_Fast,30,CCS2,0.9778
ST0093-C06,ST0093,Office_Commercial,DC_Fast,30,CCS2,0.9939
ST0094-C01,ST0094,Office_Commercial,DC_Ultra,150,CCS2,0.9767
ST0094-C02,ST0094,Office_Commercial,DC_Fast,60,CCS2,0.9693
ST0094-C03,ST0094,Office_Commercial,AC,11,Type2,0.9609
ST0094-C04,ST0094,Office_Commercial,AC,7,Type2,0.9753
ST0094-C05,ST0094,Office_Commercial,AC,11,Type2,0.9657
ST0094-C06,ST0094,Office_Commercial,DC_Fast,50,CCS2,0.9749
ST0094-C07,ST0094,Office_Commercial,AC,22,Type2,0.9644
ST0094-C08,ST0094,Office_Commercial,DC_Fast,30,CCS2,0.973
ST0094-C09,ST0094,Office_Commercial,DC_Fast,60,CCS2,0.9654
ST0094-C10,ST0094,Office_Commercial,AC,11,Type2,0.9767
ST0094-C11,ST0094,Office_Commercial,DC_Fast,50,CCS2,0.954
ST0094-C12,ST0094,Office_Commercial,DC_Ultra,120,CCS2,0.9586
ST0095-C01,ST0095,Hotel,DC_Fast,50,CCS2,0.9836
ST0095-C02,ST0095,Hotel,AC,22,Type2,0.98
ST0095-C03,ST0095,Hotel,AC,22,Type2,0.9882
ST0095-C04,ST0095,Hotel,AC,22,Type2,0.9838
ST0095-C05,ST0095,Hotel,AC,11,Type2,0.9852
ST0095-C06,ST0095,Hotel,AC,22,Type2,0.9813
ST0095-C07,ST0095,Hotel,DC_Fast,60,CCS2,0.9765
ST0096-C01,ST0096,Highway,DC_Ultra,150,CCS2,0.9839
ST0096-C02,ST0096,Highway,DC_Fast,50,CCS2,0.995
ST0096-C03,ST0096,Highway,AC,11,Type2,0.9725
ST0096-C04,ST0096,Highway,DC_Fast,50,CCS2,0.995
ST0096-C05,ST0096,Highway,DC_Fast,30,CCS2,0.992
ST0096-C06,ST0096,Highway,DC_Fast,50,CCS2,0.9939
ST0096-C07,ST0096,Highway,DC_Fast,50,CCS2,0.995
ST0096-C08,ST0096,Highway,DC_Fast,60,CCS2,0.9929
ST0096-C09,ST0096,Highway,DC_Fast,50,CCS2,0.9875
ST0096-C10,ST0096,Highway,DC_Fast,30,CCS2,0.995
ST0096-C11,ST0096,Highway,DC_Ultra,150,CCS2,0.995
ST0096-C12,ST0096,Highway,DC_Fast,30,CCS2,0.9853
ST0097-C01,ST0097,Transit_Public,DC_Fast,60,CCS2,0.9871
ST0097-C02,ST0097,Transit_Public,DC_Ultra,120,CCS2,0.9714
ST0097-C03,ST0097,Transit_Public,DC_Fast,50,CCS2,0.9807
ST0097-C04,ST0097,Transit_Public,DC_Fast,30,CCS2,0.9812
ST0097-C05,ST0097,Transit_Public,DC_Fast,50,CCS2,0.974
ST0097-C06,ST0097,Transit_Public,DC_Ultra,180,CCS2,0.9706
ST0097-C07,ST0097,Transit_Public,AC,7,Type2,0.965
ST0097-C08,ST0097,Transit_Public,DC_Ultra,180,CCS2,0.959
ST0097-C09,ST0097,Transit_Public,AC,11,Type2,0.977
ST0098-C01,ST0098,Residential,DC_Ultra,150,CCS2,0.942
ST0098-C02,ST0098,Residential,AC,22,Type2,0.9425
ST0098-C03,ST0098,Residential,DC_Fast,60,CCS2,0.9524
ST0098-C04,ST0098,Residential,AC,11,Type2,0.959
ST0098-C05,ST0098,Residential,DC_Fast,50,CCS2,0.9391
ST0098-C06,ST0098,Residential,AC,7,Type2,0.9674
ST0098-C07,ST0098,Residential,AC,22,Type2,0.9588
ST0099-C01,ST0099,Hotel,DC_Fast,50,CCS2,0.9801
ST0099-C02,ST0099,Hotel,DC_Ultra,120,CCS2,0.9737
ST0099-C03,ST0099,Hotel,AC,22,Type2,0.9613
ST0099-C04,ST0099,Hotel,DC_Ultra,150,CCS2,0.9554
ST0099-C05,ST0099,Hotel,DC_Fast,50,CCS2,0.972
ST0099-C06,ST0099,Hotel,AC,22,Type2,0.954
ST0099-C07,ST0099,Hotel,DC_Fast,60,CCS2,0.9612
ST0099-C08,ST0099,Hotel,AC,11,Type2,0.9656
ST0100-C01,ST0100,Highway,DC_Fast,60,CCS2,0.9318
ST0100-C02,ST0100,Highway,DC_Ultra,150,CCS2,0.9546
ST0100-C03,ST0100,Highway,DC_Ultra,150,CCS2,0.9294
ST0100-C04,ST0100,Highway,DC_Ultra,120,CCS2,0.9403
ST0100-C05,ST0100,Highway,DC_Ultra,180,CCS2,0.944
ST0100-C06,ST0100,Highway,DC_Ultra,150,CCS2,0.9541
ST0100-C07,ST0100,Highway,DC_Ultra,150,CCS2,0.9368
ST0100-C08,ST0100,Highway,DC_Fast,60,CCS2,0.9513
ST0101-C01,ST0101,Transit_Public,DC_Fast,50,CCS2,0.9621
ST0101-C02,ST0101,Transit_Public,DC_Fast,60,CCS2,0.9693
ST0101-C03,ST0101,Transit_Public,DC_Fast,50,CCS2,0.9664
ST0101-C04,ST0101,Transit_Public,DC_Fast,60,CCS2,0.9793
ST0101-C05,ST0101,Transit_Public,DC_Fast,50,CCS2,0.9673
ST0101-C06,ST0101,Transit_Public,DC_Fast,50,CCS2,0.9597
ST0101-C07,ST0101,Transit_Public,DC_Fast,50,CCS2,0.9676
ST0101-C08,ST0101,Transit_Public,DC_Fast,60,CCS2,0.9773
ST0101-C09,ST0101,Transit_Public,DC_Fast,30,CCS2,0.9659
ST0101-C10,ST0101,Transit_Public,DC_Ultra,180,CCS2,0.9629
ST0101-C11,ST0101,Transit_Public,DC_Fast,50,CCS2,0.9669
ST0102-C01,ST0102,Residential,DC_Fast,50,CCS2,0.9647
ST0102-C02,ST0102,Residential,DC_Fast,60,CCS2,0.9733
ST0102-C03,ST0102,Residential,AC,11,Type2,0.9752
ST0102-C04,ST0102,Residential,DC_Fast,30,CCS2,0.9723
ST0102-C05,ST0102,Residential,AC,11,Type2,0.9835
ST0102-C06,ST0102,Residential,AC,11,Type2,0.9743
ST0102-C07,ST0102,Residential,AC,7,Type2,0.9685
ST0102-C08,ST0102,Residential,DC_Ultra,180,CCS2,0.9809
ST0103-C01,ST0103,Residential,AC,7,Type2,0.9726
ST0103-C02,ST0103,Residential,DC_Fast,30,CCS2,0.9716
ST0103-C03,ST0103,Residential,AC,22,Type2,0.9728
ST0103-C04,ST0103,Residential,AC,7,Type2,0.9723
ST0103-C05,ST0103,Residential,AC,7,Type2,0.9669
ST0103-C06,ST0103,Residential,AC,11,Type2,0.9632
ST0104-C01,ST0104,Mall_Retail,AC,22,Type2,0.9625
ST0104-C02,ST0104,Mall_Retail,AC,22,Type2,0.9553
ST0104-C03,ST0104,Mall_Retail,DC_Fast,50,CCS2,0.9544
ST0104-C04,ST0104,Mall_Retail,AC,22,Type2,0.9582
ST0104-C05,ST0104,Mall_Retail,AC,11,Type2,0.958
ST0104-C06,ST0104,Mall_Retail,DC_Fast,60,CCS2,0.953
ST0104-C07,ST0104,Mall_Retail,DC_Fast,50,CCS2,0.9545
ST0104-C08,ST0104,Mall_Retail,AC,22,Type2,0.9537
ST0104-C09,ST0104,Mall_Retail,DC_Ultra,180,CCS2,0.9509
ST0105-C01,ST0105,Fleet,AC,22,Type2,0.972
ST0105-C02,ST0105,Fleet,DC_Ultra,180,CCS2,0.9736
ST0105-C03,ST0105,Fleet,DC_Fast,60,CCS2,0.9649
ST0105-C04,ST0105,Fleet,DC_Fast,60,CCS2,0.9646
ST0105-C05,ST0105,Fleet,DC_Fast,60,CCS2,0.9713
ST0105-C06,ST0105,Fleet,DC_Fast,50,CCS2,0.9718
ST0105-C07,ST0105,Fleet,DC_Fast,50,CCS2,0.9731
ST0105-C08,ST0105,Fleet,DC_Fast,60,CCS2,0.9861
ST0105-C09,ST0105,Fleet,DC_Fast,30,CCS2,0.9802
ST0105-C10,ST0105,Fleet,DC_Fast,30,CCS2,0.9608
ST0105-C11,ST0105,Fleet,DC_Fast,50,CCS2,0.9843
ST0105-C12,ST0105,Fleet,DC_Fast,30,CCS2,0.9712
ST0105-C13,ST0105,Fleet,DC_Fast,30,CCS2,0.981
ST0106-C01,ST0106,Mall_Retail,AC,7,Type2,0.9755
ST0106-C02,ST0106,Mall_Retail,AC,22,Type2,0.9768
ST0106-C03,ST0106,Mall_Retail,DC_Fast,50,CCS2,0.9768
ST0106-C04,ST0106,Mall_Retail,AC,22,Type2,0.9665
ST0106-C05,ST0106,Mall_Retail,DC_Fast,50,CCS2,0.9877
ST0106-C06,ST0106,Mall_Retail,DC_Fast,50,CCS2,0.9888
ST0106-C07,ST0106,Mall_Retail,DC_Ultra,150,CCS2,0.9791
ST0106-C08,ST0106,Mall_Retail,AC,11,Type2,0.9777
ST0106-C09,ST0106,Mall_Retail,DC_Fast,50,CCS2,0.9855
ST0107-C01,ST0107,Office_Commercial,DC_Fast,50,CCS2,0.9437
ST0107-C02,ST0107,Office_Commercial,AC,22,Type2,0.9601
ST0107-C03,ST0107,Office_Commercial,AC,22,Type2,0.942
ST0107-C04,ST0107,Office_Commercial,AC,22,Type2,0.9571
ST0107-C05,ST0107,Office_Commercial,AC,22,Type2,0.9437
ST0107-C06,ST0107,Office_Commercial,DC_Fast,50,CCS2,0.9462
ST0107-C07,ST0107,Office_Commercial,AC,11,Type2,0.9432
ST0107-C08,ST0107,Office_Commercial,AC,11,Type2,0.9561
ST0107-C09,ST0107,Office_Commercial,DC_Fast,50,CCS2,0.9404
ST0107-C10,ST0107,Office_Commercial,AC,22,Type2,0.9492
ST0108-C01,ST0108,Office_Commercial,DC_Fast,50,CCS2,0.9788
ST0108-C02,ST0108,Office_Commercial,DC_Fast,50,CCS2,0.9605
ST0108-C03,ST0108,Office_Commercial,AC,7,Type2,0.9782
ST0108-C04,ST0108,Office_Commercial,AC,7,Type2,0.9729
ST0108-C05,ST0108,Office_Commercial,AC,7,Type2,0.9875
ST0108-C06,ST0108,Office_Commercial,AC,11,Type2,0.9595
ST0108-C07,ST0108,Office_Commercial,AC,22,Type2,0.9655
ST0108-C08,ST0108,Office_Commercial,AC,22,Type2,0.9806
ST0108-C09,ST0108,Office_Commercial,DC_Fast,50,CCS2,0.9767
ST0108-C10,ST0108,Office_Commercial,AC,11,Type2,0.9772
ST0108-C11,ST0108,Office_Commercial,AC,7,Type2,0.9824
ST0108-C12,ST0108,Office_Commercial,AC,11,Type2,0.9715
ST0109-C01,ST0109,Hotel,DC_Ultra,150,CCS2,0.9743
ST0109-C02,ST0109,Hotel,AC,7,Type2,0.9864
ST0109-C03,ST0109,Hotel,DC_Ultra,120,CCS2,0.9689
ST0109-C04,ST0109,Hotel,DC_Fast,60,CCS2,0.975
ST0109-C05,ST0109,Hotel,DC_Fast,30,CCS2,0.9728
ST0109-C06,ST0109,Hotel,AC,7,Type2,0.9638
ST0109-C07,ST0109,Hotel,AC,22,Type2,0.9692
ST0109-C08,ST0109,Hotel,DC_Fast,50,CCS2,0.9668
ST0110-C01,ST0110,Mall_Retail,DC_Fast,60,CCS2,0.9433
ST0110-C02,ST0110,Mall_Retail,AC,22,Type2,0.9472
ST0110-C03,ST0110,Mall_Retail,DC_Fast,50,CCS2,0.9563
ST0110-C04,ST0110,Mall_Retail,DC_Ultra,150,CCS2,0.9599
ST0110-C05,ST0110,Mall_Retail,DC_Fast,60,CCS2,0.9539
ST0110-C06,ST0110,Mall_Retail,DC_Fast,30,CCS2,0.958
ST0110-C07,ST0110,Mall_Retail,AC,7,Type2,0.9507
ST0110-C08,ST0110,Mall_Retail,AC,11,Type2,0.9474
ST0110-C09,ST0110,Mall_Retail,AC,7,Type2,0.9531
ST0110-C10,ST0110,Mall_Retail,AC,7,Type2,0.9488
ST0111-C01,ST0111,Transit_Public,DC_Fast,30,CCS2,0.9692
ST0111-C02,ST0111,Transit_Public,DC_Ultra,150,CCS2,0.9738
ST0111-C03,ST0111,Transit_Public,AC,22,Type2,0.9737
ST0111-C04,ST0111,Transit_Public,DC_Fast,60,CCS2,0.9779
ST0111-C05,ST0111,Transit_Public,DC_Fast,60,CCS2,0.9886
ST0111-C06,ST0111,Transit_Public,DC_Fast,60,CCS2,0.9556
ST0111-C07,ST0111,Transit_Public,DC_Fast,50,CCS2,0.9891
ST0111-C08,ST0111,Transit_Public,DC_Fast,50,CCS2,0.9881
ST0111-C09,ST0111,Transit_Public,DC_Fast,50,CCS2,0.9808
ST0112-C01,ST0112,Hotel,AC,11,Type2,0.9842
ST0112-C02,ST0112,Hotel,AC,22,Type2,0.989
ST0112-C03,ST0112,Hotel,DC_Fast,60,CCS2,0.995
ST0112-C04,ST0112,Hotel,DC_Fast,60,CCS2,0.989
ST0112-C05,ST0112,Hotel,DC_Fast,50,CCS2,0.9809
ST0112-C06,ST0112,Hotel,AC,7,Type2,0.9918
ST0112-C07,ST0112,Hotel,AC,11,Type2,0.995
ST0113-C01,ST0113,Highway,AC,22,Type2,0.9466
ST0113-C02,ST0113,Highway,DC_Ultra,150,CCS2,0.9678
ST0113-C03,ST0113,Highway,DC_Fast,30,CCS2,0.9651
ST0113-C04,ST0113,Highway,DC_Ultra,180,CCS2,0.9534
ST0113-C05,ST0113,Highway,DC_Ultra,150,CCS2,0.966
ST0113-C06,ST0113,Highway,DC_Ultra,120,CCS2,0.9638
ST0113-C07,ST0113,Highway,DC_Fast,50,CCS2,0.9749
ST0113-C08,ST0113,Highway,DC_Ultra,150,CCS2,0.9799
ST0113-C09,ST0113,Highway,DC_Ultra,120,CCS2,0.9718
ST0113-C10,ST0113,Highway,AC,11,Type2,0.9634
ST0113-C11,ST0113,Highway,DC_Fast,60,CCS2,0.9646
ST0113-C12,ST0113,Highway,DC_Fast,50,CCS2,0.9573
ST0113-C13,ST0113,Highway,DC_Fast,50,CCS2,0.9587
ST0114-C01,ST0114,Mall_Retail,AC,7,Type2,0.9561
ST0114-C02,ST0114,Mall_Retail,DC_Ultra,150,CCS2,0.9545
ST0114-C03,ST0114,Mall_Retail,AC,11,Type2,0.9564
ST0114-C04,ST0114,Mall_Retail,DC_Fast,60,CCS2,0.9625
ST0114-C05,ST0114,Mall_Retail,DC_Fast,50,CCS2,0.9373
ST0114-C06,ST0114,Mall_Retail,DC_Fast,30,CCS2,0.962
ST0114-C07,ST0114,Mall_Retail,DC_Fast,50,CCS2,0.9407
ST0114-C08,ST0114,Mall_Retail,DC_Fast,60,CCS2,0.9489
ST0115-C01,ST0115,Office_Commercial,DC_Fast,50,CCS2,0.9664
ST0115-C02,ST0115,Office_Commercial,DC_Fast,30,CCS2,0.9577
ST0115-C03,ST0115,Office_Commercial,DC_Ultra,180,CCS2,0.9614
ST0115-C04,ST0115,Office_Commercial,AC,11,Type2,0.956
ST0115-C05,ST0115,Office_Commercial,DC_Fast,50,CCS2,0.969
ST0115-C06,ST0115,Office_Commercial,DC_Fast,60,CCS2,0.9441
ST0116-C01,ST0116,Residential,DC_Ultra,180,CCS2,0.9469
ST0116-C02,ST0116,Residential,AC,11,Type2,0.9493
ST0116-C03,ST0116,Residential,AC,11,Type2,0.9476
ST0116-C04,ST0116,Residential,AC,7,Type2,0.9486
ST0116-C05,ST0116,Residential,AC,11,Type2,0.9439
ST0116-C06,ST0116,Residential,AC,22,Type2,0.9441
ST0116-C07,ST0116,Residential,AC,11,Type2,0.9437
ST0116-C08,ST0116,Residential,DC_Ultra,120,CCS2,0.9408
ST0116-C09,ST0116,Residential,AC,7,Type2,0.9417
ST0117-C01,ST0117,Highway,DC_Fast,60,CCS2,0.9713
ST0117-C02,ST0117,Highway,DC_Fast,30,CCS2,0.9861
ST0117-C03,ST0117,Highway,DC_Fast,60,CCS2,0.995
ST0117-C04,ST0117,Highway,DC_Fast,30,CCS2,0.9744
ST0117-C05,ST0117,Highway,DC_Fast,50,CCS2,0.9788
ST0117-C06,ST0117,Highway,DC_Fast,30,CCS2,0.9933
ST0117-C07,ST0117,Highway,DC_Fast,30,CCS2,0.9836
ST0117-C08,ST0117,Highway,DC_Fast,50,CCS2,0.9641
ST0117-C09,ST0117,Highway,DC_Ultra,150,CCS2,0.9868
ST0117-C10,ST0117,Highway,DC_Ultra,120,CCS2,0.9766
ST0117-C11,ST0117,Highway,DC_Fast,50,CCS2,0.9666
ST0118-C01,ST0118,Office_Commercial,AC,11,Type2,0.9643
ST0118-C02,ST0118,Office_Commercial,AC,22,Type2,0.9748
ST0118-C03,ST0118,Office_Commercial,AC,22,Type2,0.9835
ST0118-C04,ST0118,Office_Commercial,AC,22,Type2,0.9811
ST0118-C05,ST0118,Office_Commercial,AC,7,Type2,0.9882
ST0118-C06,ST0118,Office_Commercial,DC_Ultra,150,CCS2,0.9842
ST0119-C01,ST0119,Mall_Retail,DC_Fast,50,CCS2,0.9734
ST0119-C02,ST0119,Mall_Retail,DC_Fast,50,CCS2,0.9801
ST0119-C03,ST0119,Mall_Retail,DC_Ultra,150,CCS2,0.9637
ST0119-C04,ST0119,Mall_Retail,DC_Fast,30,CCS2,0.9759
ST0119-C05,ST0119,Mall_Retail,AC,7,Type2,0.9869
ST0119-C06,ST0119,Mall_Retail,DC_Ultra,180,CCS2,0.9763
ST0120-C01,ST0120,Hotel,AC,11,Type2,0.9682
ST0120-C02,ST0120,Hotel,AC,7,Type2,0.9683
ST0120-C03,ST0120,Hotel,AC,22,Type2,0.9671
ST0120-C04,ST0120,Hotel,DC_Fast,60,CCS2,0.9668
ST0120-C05,ST0120,Hotel,DC_Fast,60,CCS2,0.9584
ST0120-C06,ST0120,Hotel,DC_Fast,30,CCS2,0.9588
ST0120-C07,ST0120,Hotel,AC,7,Type2,0.9548
ST0121-C01,ST0121,Hotel,AC,22,Type2,0.9887
ST0121-C02,ST0121,Hotel,DC_Fast,30,CCS2,0.995
ST0121-C03,ST0121,Hotel,DC_Fast,50,CCS2,0.995
ST0121-C04,ST0121,Hotel,DC_Fast,60,CCS2,0.9941
ST0121-C05,ST0121,Hotel,AC,22,Type2,0.995
ST0122-C01,ST0122,Highway,DC_Ultra,120,CCS2,0.9701
ST0122-C02,ST0122,Highway,DC_Ultra,150,CCS2,0.9711
ST0122-C03,ST0122,Highway,DC_Fast,50,CCS2,0.9684
ST0122-C04,ST0122,Highway,DC_Fast,50,CCS2,0.9607
ST0122-C05,ST0122,Highway,DC_Fast,50,CCS2,0.9562
ST0122-C06,ST0122,Highway,DC_Fast,50,CCS2,0.9712
ST0122-C07,ST0122,Highway,DC_Fast,60,CCS2,0.966
ST0122-C08,ST0122,Highway,DC_Fast,50,CCS2,0.9516
ST0122-C09,ST0122,Highway,AC,11,Type2,0.9671
ST0122-C10,ST0122,Highway,DC_Fast,50,CCS2,0.9687
ST0123-C01,ST0123,Mall_Retail,DC_Fast,60,CCS2,0.9382
ST0123-C02,ST0123,Mall_Retail,AC,7,Type2,0.9561
ST0123-C03,ST0123,Mall_Retail,AC,11,Type2,0.9459
ST0123-C04,ST0123,Mall_Retail,DC_Fast,60,CCS2,0.9443
ST0123-C05,ST0123,Mall_Retail,AC,22,Type2,0.9569
ST0123-C06,ST0123,Mall_Retail,AC,11,Type2,0.9564
ST0123-C07,ST0123,Mall_Retail,DC_Fast,30,CCS2,0.9449
ST0123-C08,ST0123,Mall_Retail,AC,7,Type2,0.9502
ST0123-C09,ST0123,Mall_Retail,DC_Fast,30,CCS2,0.9432
ST0123-C10,ST0123,Mall_Retail,AC,11,Type2,0.9471
ST0123-C11,ST0123,Mall_Retail,AC,11,Type2,0.9394
ST0123-C12,ST0123,Mall_Retail,AC,11,Type2,0.9513
ST0124-C01,ST0124,Residential,DC_Fast,60,CCS2,0.9516
ST0124-C02,ST0124,Residential,AC,11,Type2,0.9669
ST0124-C03,ST0124,Residential,AC,22,Type2,0.9576
ST0124-C04,ST0124,Residential,AC,7,Type2,0.9698
ST0124-C05,ST0124,Residential,DC_Ultra,120,CCS2,0.9613
ST0125-C01,ST0125,Fleet,DC_Fast,60,CCS2,0.973
ST0125-C02,ST0125,Fleet,AC,7,Type2,0.9662
ST0125-C03,ST0125,Fleet,DC_Ultra,120,CCS2,0.968
ST0125-C04,ST0125,Fleet,DC_Ultra,150,CCS2,0.9573
ST0125-C05,ST0125,Fleet,DC_Fast,50,CCS2,0.9711
ST0125-C06,ST0125,Fleet,DC_Fast,50,CCS2,0.9733
ST0125-C07,ST0125,Fleet,DC_Fast,50,CCS2,0.9529
ST0125-C08,ST0125,Fleet,AC,22,Type2,0.9611
ST0126-C01,ST0126,Residential,AC,11,Type2,0.9495
ST0126-C02,ST0126,Residential,AC,7,Type2,0.9314
ST0126-C03,ST0126,Residential,AC,11,Type2,0.9509
ST0126-C04,ST0126,Residential,AC,22,Type2,0.9621
ST0126-C05,ST0126,Residential,AC,22,Type2,0.952
ST0126-C06,ST0126,Residential,DC_Fast,30,CCS2,0.9381
ST0126-C07,ST0126,Residential,AC,7,Type2,0.9611
ST0126-C08,ST0126,Residential,AC,11,Type2,0.9473
ST0127-C01,ST0127,Fleet,DC_Fast,50,CCS2,0.9904
ST0127-C02,ST0127,Fleet,DC_Fast,50,CCS2,0.9926
ST0127-C03,ST0127,Fleet,DC_Fast,30,CCS2,0.9932
ST0127-C04,ST0127,Fleet,DC_Fast,30,CCS2,0.9877
ST0127-C05,ST0127,Fleet,DC_Fast,50,CCS2,0.9894
ST0127-C06,ST0127,Fleet,DC_Fast,60,CCS2,0.995
ST0127-C07,ST0127,Fleet,DC_Fast,60,CCS2,0.995
ST0127-C08,ST0127,Fleet,DC_Fast,60,CCS2,0.9923
ST0127-C09,ST0127,Fleet,DC_Fast,50,CCS2,0.9938
ST0127-C10,ST0127,Fleet,DC_Fast,50,CCS2,0.9846
ST0127-C11,ST0127,Fleet,DC_Fast,60,CCS2,0.9934
ST0128-C01,ST0128,Office_Commercial,AC,22,Type2,0.9627
ST0128-C02,ST0128,Office_Commercial,AC,7,Type2,0.954
ST0128-C03,ST0128,Office_Commercial,DC_Fast,50,CCS2,0.9627
ST0128-C04,ST0128,Office_Commercial,DC_Ultra,180,CCS2,0.9588
ST0128-C05,ST0128,Office_Commercial,AC,22,Type2,0.957
ST0128-C06,ST0128,Office_Commercial,DC_Fast,60,CCS2,0.9544
ST0129-C01,ST0129,Mall_Retail,AC,7,Type2,0.9642
ST0129-C02,ST0129,Mall_Retail,DC_Fast,60,CCS2,0.9833
ST0129-C03,ST0129,Mall_Retail,AC,22,Type2,0.9835
ST0129-C04,ST0129,Mall_Retail,DC_Fast,50,CCS2,0.9753
ST0129-C05,ST0129,Mall_Retail,AC,11,Type2,0.9786
ST0129-C06,ST0129,Mall_Retail,DC_Fast,50,CCS2,0.9699
ST0129-C07,ST0129,Mall_Retail,AC,22,Type2,0.9806
ST0129-C08,ST0129,Mall_Retail,AC,22,Type2,0.9708
ST0130-C01,ST0130,Mall_Retail,DC_Fast,50,CCS2,0.9743
ST0130-C02,ST0130,Mall_Retail,DC_Ultra,150,CCS2,0.9765
ST0130-C03,ST0130,Mall_Retail,AC,22,Type2,0.9721
ST0130-C04,ST0130,Mall_Retail,AC,22,Type2,0.9623
ST0130-C05,ST0130,Mall_Retail,DC_Fast,50,CCS2,0.974
ST0130-C06,ST0130,Mall_Retail,AC,7,Type2,0.9791
ST0130-C07,ST0130,Mall_Retail,AC,22,Type2,0.9664
ST0130-C08,ST0130,Mall_Retail,AC,22,Type2,0.9759
ST0130-C09,ST0130,Mall_Retail,DC_Fast,60,CCS2,0.9891
ST0130-C10,ST0130,Mall_Retail,AC,22,Type2,0.9735
ST0130-C11,ST0130,Mall_Retail,AC,7,Type2,0.9739
ST0130-C12,ST0130,Mall_Retail,AC,22,Type2,0.9617
ST0131-C01,ST0131,Office_Commercial,AC,22,Type2,0.995
ST0131-C02,ST0131,Office_Commercial,AC,11,Type2,0.995
ST0131-C03,ST0131,Office_Commercial,DC_Ultra,180,CCS2,0.985
ST0131-C04,ST0131,Office_Commercial,AC,22,Type2,0.995
ST0131-C05,ST0131,Office_Commercial,AC,7,Type2,0.9947
ST0131-C06,ST0131,Office_Commercial,DC_Fast,60,CCS2,0.9788
ST0131-C07,ST0131,Office_Commercial,AC,7,Type2,0.9921
ST0131-C08,ST0131,Office_Commercial,DC_Fast,60,CCS2,0.995
ST0131-C09,ST0131,Office_Commercial,AC,11,Type2,0.995
ST0131-C10,ST0131,Office_Commercial,DC_Fast,50,CCS2,0.995
ST0131-C11,ST0131,Office_Commercial,DC_Ultra,120,CCS2,0.9941
ST0132-C01,ST0132,Mall_Retail,DC_Fast,60,CCS2,0.9695
ST0132-C02,ST0132,Mall_Retail,DC_Fast,60,CCS2,0.9796
ST0132-C03,ST0132,Mall_Retail,DC_Fast,60,CCS2,0.9721
ST0132-C04,ST0132,Mall_Retail,DC_Fast,30,CCS2,0.9771
ST0132-C05,ST0132,Mall_Retail,DC_Fast,60,CCS2,0.98
ST0132-C06,ST0132,Mall_Retail,AC,22,Type2,0.995
ST0132-C07,ST0132,Mall_Retail,DC_Ultra,150,CCS2,0.9828
ST0133-C01,ST0133,Office_Commercial,AC,11,Type2,0.9647
ST0133-C02,ST0133,Office_Commercial,AC,11,Type2,0.961
ST0133-C03,ST0133,Office_Commercial,AC,11,Type2,0.9636
ST0133-C04,ST0133,Office_Commercial,DC_Fast,50,CCS2,0.9523
ST0133-C05,ST0133,Office_Commercial,DC_Fast,50,CCS2,0.9667
ST0133-C06,ST0133,Office_Commercial,AC,22,Type2,0.9737
ST0133-C07,ST0133,Office_Commercial,AC,22,Type2,0.9742
ST0133-C08,ST0133,Office_Commercial,DC_Fast,50,CCS2,0.9504
ST0133-C09,ST0133,Office_Commercial,AC,11,Type2,0.9716
ST0133-C10,ST0133,Office_Commercial,DC_Fast,60,CCS2,0.9523
ST0133-C11,ST0133,Office_Commercial,DC_Fast,60,CCS2,0.9457
ST0133-C12,ST0133,Office_Commercial,AC,11,Type2,0.9719
ST0134-C01,ST0134,Mall_Retail,DC_Fast,50,CCS2,0.9613
ST0134-C02,ST0134,Mall_Retail,DC_Ultra,150,CCS2,0.9751
ST0134-C03,ST0134,Mall_Retail,AC,7,Type2,0.9716
ST0134-C04,ST0134,Mall_Retail,DC_Ultra,120,CCS2,0.9617
ST0134-C05,ST0134,Mall_Retail,DC_Fast,60,CCS2,0.9617
ST0134-C06,ST0134,Mall_Retail,DC_Ultra,150,CCS2,0.9687
ST0134-C07,ST0134,Mall_Retail,DC_Fast,60,CCS2,0.9649
ST0134-C08,ST0134,Mall_Retail,DC_Fast,50,CCS2,0.9622
ST0134-C09,ST0134,Mall_Retail,AC,7,Type2,0.968
ST0134-C10,ST0134,Mall_Retail,DC_Fast,50,CCS2,0.9677
ST0134-C11,ST0134,Mall_Retail,AC,7,Type2,0.9586
ST0134-C12,ST0134,Mall_Retail,AC,22,Type2,0.9665
ST0135-C01,ST0135,Highway,DC_Fast,50,CCS2,0.9681
ST0135-C02,ST0135,Highway,DC_Fast,30,CCS2,0.9614
ST0135-C03,ST0135,Highway,DC_Fast,60,CCS2,0.9651
ST0135-C04,ST0135,Highway,DC_Fast,50,CCS2,0.9645
ST0135-C05,ST0135,Highway,DC_Fast,60,CCS2,0.959
ST0135-C06,ST0135,Highway,DC_Ultra,150,CCS2,0.9564
ST0135-C07,ST0135,Highway,AC,22,Type2,0.9555
ST0135-C08,ST0135,Highway,DC_Fast,30,CCS2,0.9704
ST0135-C09,ST0135,Highway,DC_Fast,60,CCS2,0.9515
ST0135-C10,ST0135,Highway,DC_Fast,50,CCS2,0.9517
ST0135-C11,ST0135,Highway,DC_Fast,30,CCS2,0.9659
ST0135-C12,ST0135,Highway,DC_Ultra,120,CCS2,0.965
ST0135-C13,ST0135,Highway,DC_Fast,50,CCS2,0.9559
ST0135-C14,ST0135,Highway,DC_Fast,30,CCS2,0.9622
ST0135-C15,ST0135,Highway,DC_Ultra,120,CCS2,0.9633
ST0135-C16,ST0135,Highway,DC_Fast,60,CCS2,0.9476
ST0136-C01,ST0136,Residential,AC,11,Type2,0.9626
ST0136-C02,ST0136,Residential,AC,7,Type2,0.9557
ST0136-C03,ST0136,Residential,DC_Fast,30,CCS2,0.9411
ST0136-C04,ST0136,Residential,AC,22,Type2,0.9578
ST0136-C05,ST0136,Residential,AC,22,Type2,0.9456
ST0136-C06,ST0136,Residential,AC,11,Type2,0.9727
ST0136-C07,ST0136,Residential,AC,7,Type2,0.9558
ST0137-C01,ST0137,Fleet,DC_Fast,50,CCS2,0.9549
ST0137-C02,ST0137,Fleet,DC_Fast,30,CCS2,0.9768
ST0137-C03,ST0137,Fleet,DC_Fast,50,CCS2,0.958
ST0137-C04,ST0137,Fleet,DC_Fast,50,CCS2,0.9697
ST0137-C05,ST0137,Fleet,DC_Fast,30,CCS2,0.9559
ST0137-C06,ST0137,Fleet,DC_Ultra,120,CCS2,0.9754
ST0137-C07,ST0137,Fleet,DC_Ultra,180,CCS2,0.9743
ST0137-C08,ST0137,Fleet,DC_Fast,50,CCS2,0.9645
ST0137-C09,ST0137,Fleet,DC_Fast,30,CCS2,0.9543
ST0137-C10,ST0137,Fleet,DC_Fast,50,CCS2,0.9786
ST0137-C11,ST0137,Fleet,AC,7,Type2,0.9719
ST0137-C12,ST0137,Fleet,DC_Fast,50,CCS2,0.9717
ST0137-C13,ST0137,Fleet,DC_Fast,50,CCS2,0.962
ST0138-C01,ST0138,Mall_Retail,DC_Ultra,180,CCS2,0.9732
ST0138-C02,ST0138,Mall_Retail,DC_Fast,50,CCS2,0.977
ST0138-C03,ST0138,Mall_Retail,DC_Ultra,180,CCS2,0.9763
ST0138-C04,ST0138,Mall_Retail,DC_Fast,60,CCS2,0.9803
ST0138-C05,ST0138,Mall_Retail,DC_Ultra,180,CCS2,0.966
ST0138-C06,ST0138,Mall_Retail,DC_Fast,60,CCS2,0.9777
ST0138-C07,ST0138,Mall_Retail,DC_Fast,60,CCS2,0.9762
ST0138-C08,ST0138,Mall_Retail,DC_Fast,50,CCS2,0.9898
ST0139-C01,ST0139,Residential,AC,11,Type2,0.9603
ST0139-C02,ST0139,Residential,DC_Ultra,120,CCS2,0.9573
ST0139-C03,ST0139,Residential,AC,11,Type2,0.9698
ST0139-C04,ST0139,Residential,DC_Fast,60,CCS2,0.9545
ST0139-C05,ST0139,Residential,DC_Fast,60,CCS2,0.9577
ST0140-C01,ST0140,Highway,DC_Fast,60,CCS2,0.9356
ST0140-C02,ST0140,Highway,AC,7,Type2,0.9381
ST0140-C03,ST0140,Highway,DC_Fast,30,CCS2,0.941
ST0140-C04,ST0140,Highway,DC_Fast,50,CCS2,0.9414
ST0140-C05,ST0140,Highway,DC_Ultra,150,CCS2,0.9476
ST0140-C06,ST0140,Highway,DC_Fast,60,CCS2,0.9381
ST0140-C07,ST0140,Highway,DC_Fast,50,CCS2,0.9368
ST0140-C08,ST0140,Highway,DC_Fast,60,CCS2,0.9675
ST0140-C09,ST0140,Highway,DC_Fast,60,CCS2,0.9522
ST0140-C10,ST0140,Highway,DC_Ultra,180,CCS2,0.931
ST0140-C11,ST0140,Highway,DC_Fast,30,CCS2,0.9568
ST0141-C01,ST0141,Highway,DC_Ultra,150,CCS2,0.9858
ST0141-C02,ST0141,Highway,DC_Fast,50,CCS2,0.9907
ST0141-C03,ST0141,Highway,DC_Fast,50,CCS2,0.9857
ST0141-C04,ST0141,Highway,DC_Ultra,120,CCS2,0.9806
ST0141-C05,ST0141,Highway,DC_Ultra,150,CCS2,0.9931
ST0141-C06,ST0141,Highway,DC_Fast,30,CCS2,0.9905
ST0141-C07,ST0141,Highway,DC_Fast,50,CCS2,0.9873
ST0141-C08,ST0141,Highway,DC_Ultra,180,CCS2,0.9944
ST0141-C09,ST0141,Highway,DC_Fast,50,CCS2,0.9861
ST0141-C10,ST0141,Highway,DC_Fast,50,CCS2,0.9887
ST0141-C11,ST0141,Highway,AC,11,Type2,0.9892
ST0141-C12,ST0141,Highway,DC_Fast,50,CCS2,0.981
ST0142-C01,ST0142,Office_Commercial,DC_Fast,50,CCS2,0.995
ST0142-C02,ST0142,Office_Commercial,DC_Fast,50,CCS2,0.989
ST0142-C03,ST0142,Office_Commercial,DC_Fast,50,CCS2,0.995
ST0142-C04,ST0142,Office_Commercial,DC_Fast,50,CCS2,0.995
ST0142-C05,ST0142,Office_Commercial,DC_Fast,30,CCS2,0.9868
ST0142-C06,ST0142,Office_Commercial,AC,7,Type2,0.995
ST0142-C07,ST0142,Office_Commercial,DC_Fast,50,CCS2,0.9879
ST0142-C08,ST0142,Office_Commercial,DC_Fast,50,CCS2,0.9907
ST0142-C09,ST0142,Office_Commercial,AC,22,Type2,0.995
ST0142-C10,ST0142,Office_Commercial,AC,7,Type2,0.9883
ST0142-C11,ST0142,Office_Commercial,DC_Ultra,150,CCS2,0.9943
ST0143-C01,ST0143,Mall_Retail,DC_Fast,30,CCS2,0.9659
ST0143-C02,ST0143,Mall_Retail,DC_Fast,30,CCS2,0.9811
ST0143-C03,ST0143,Mall_Retail,DC_Fast,50,CCS2,0.9692
ST0143-C04,ST0143,Mall_Retail,AC,11,Type2,0.9804
ST0143-C05,ST0143,Mall_Retail,DC_Fast,50,CCS2,0.9616
ST0143-C06,ST0143,Mall_Retail,DC_Fast,50,CCS2,0.9619
ST0143-C07,ST0143,Mall_Retail,DC_Fast,50,CCS2,0.9875
ST0144-C01,ST0144,Hotel,AC,22,Type2,0.98
ST0144-C02,ST0144,Hotel,DC_Ultra,150,CCS2,0.9728
ST0144-C03,ST0144,Hotel,AC,22,Type2,0.9658
ST0144-C04,ST0144,Hotel,AC,22,Type2,0.9738
ST0144-C05,ST0144,Hotel,DC_Ultra,120,CCS2,0.9682
ST0144-C06,ST0144,Hotel,AC,11,Type2,0.9766
ST0144-C07,ST0144,Hotel,AC,22,Type2,0.9532
ST0144-C08,ST0144,Hotel,DC_Fast,50,CCS2,0.9755
ST0145-C01,ST0145,Fleet,DC_Fast,60,CCS2,0.9358
ST0145-C02,ST0145,Fleet,DC_Fast,50,CCS2,0.9337
ST0145-C03,ST0145,Fleet,DC_Fast,50,CCS2,0.9431
ST0145-C04,ST0145,Fleet,DC_Ultra,150,CCS2,0.9382
ST0145-C05,ST0145,Fleet,DC_Fast,50,CCS2,0.9286
ST0145-C06,ST0145,Fleet,DC_Fast,50,CCS2,0.9349
ST0145-C07,ST0145,Fleet,DC_Fast,50,CCS2,0.9477
ST0145-C08,ST0145,Fleet,DC_Fast,50,CCS2,0.9409
ST0145-C09,ST0145,Fleet,DC_Ultra,120,CCS2,0.9338
ST0145-C10,ST0145,Fleet,DC_Ultra,150,CCS2,0.9252
ST0145-C11,ST0145,Fleet,DC_Fast,50,CCS2,0.9387
ST0145-C12,ST0145,Fleet,DC_Ultra,150,CCS2,0.937
ST0145-C13,ST0145,Fleet,DC_Fast,50,CCS2,0.9355
ST0145-C14,ST0145,Fleet,DC_Fast,50,CCS2,0.9432
ST0146-C01,ST0146,Highway,AC,7,Type2,0.9453
ST0146-C02,ST0146,Highway,DC_Fast,60,CCS2,0.9478
ST0146-C03,ST0146,Highway,DC_Fast,60,CCS2,0.9552
ST0146-C04,ST0146,Highway,DC_Fast,50,CCS2,0.9334
ST0146-C05,ST0146,Highway,DC_Fast,60,CCS2,0.9554
ST0146-C06,ST0146,Highway,DC_Ultra,150,CCS2,0.9466
ST0146-C07,ST0146,Highway,DC_Fast,30,CCS2,0.9339
ST0146-C08,ST0146,Highway,AC,7,Type2,0.9324
ST0146-C09,ST0146,Highway,DC_Ultra,120,CCS2,0.9453
ST0147-C01,ST0147,Fleet,DC_Fast,30,CCS2,0.9566
ST0147-C02,ST0147,Fleet,DC_Fast,50,CCS2,0.9623
ST0147-C03,ST0147,Fleet,DC_Ultra,150,CCS2,0.9547
ST0147-C04,ST0147,Fleet,DC_Fast,50,CCS2,0.9457
ST0147-C05,ST0147,Fleet,DC_Fast,30,CCS2,0.9694
ST0147-C06,ST0147,Fleet,DC_Fast,50,CCS2,0.9535
ST0147-C07,ST0147,Fleet,AC,22,Type2,0.9593
ST0147-C08,ST0147,Fleet,DC_Fast,50,CCS2,0.9695
ST0147-C09,ST0147,Fleet,AC,11,Type2,0.9522
ST0148-C01,ST0148,Mall_Retail,AC,11,Type2,0.9528
ST0148-C02,ST0148,Mall_Retail,AC,7,Type2,0.9496
ST0148-C03,ST0148,Mall_Retail,DC_Fast,50,CCS2,0.958
ST0148-C04,ST0148,Mall_Retail,AC,22,Type2,0.9523
ST0148-C05,ST0148,Mall_Retail,AC,11,Type2,0.9601
ST0148-C06,ST0148,Mall_Retail,DC_Fast,50,CCS2,0.9619
ST0148-C07,ST0148,Mall_Retail,DC_Fast,30,CCS2,0.9434
ST0148-C08,ST0148,Mall_Retail,DC_Ultra,120,CCS2,0.9488
ST0148-C09,ST0148,Mall_Retail,AC,11,Type2,0.9608
ST0148-C10,ST0148,Mall_Retail,DC_Fast,60,CCS2,0.9636
ST0148-C11,ST0148,Mall_Retail,AC,22,Type2,0.9565
ST0149-C01,ST0149,Residential,AC,11,Type2,0.9933
ST0149-C02,ST0149,Residential,DC_Fast,50,CCS2,0.9824
ST0149-C03,ST0149,Residential,AC,7,Type2,0.977
ST0149-C04,ST0149,Residential,AC,11,Type2,0.9823
ST0149-C05,ST0149,Residential,AC,7,Type2,0.983
ST0149-C06,ST0149,Residential,AC,22,Type2,0.9767
ST0149-C07,ST0149,Residential,AC,22,Type2,0.9778
ST0149-C08,ST0149,Residential,AC,11,Type2,0.9933
ST0149-C09,ST0149,Residential,AC,22,Type2,0.9869
ST0149-C10,ST0149,Residential,DC_Fast,60,CCS2,0.9809
ST0150-C01,ST0150,Fleet,DC_Ultra,120,CCS2,0.9821
ST0150-C02,ST0150,Fleet,DC_Ultra,150,CCS2,0.9766
ST0150-C03,ST0150,Fleet,DC_Fast,50,CCS2,0.9731
ST0150-C04,ST0150,Fleet,DC_Fast,50,CCS2,0.9705
ST0150-C05,ST0150,Fleet,DC_Fast,50,CCS2,0.9891
ST0150-C06,ST0150,Fleet,DC_Fast,50,CCS2,0.9818
ST0150-C07,ST0150,Fleet,DC_Ultra,180,CCS2,0.9771
ST0150-C08,ST0150,Fleet,DC_Fast,50,CCS2,0.9843
ST0150-C09,ST0150,Fleet,DC_Fast,30,CCS2,0.9876
ST0150-C10,ST0150,Fleet,DC_Ultra,180,CCS2,0.9743
ST0150-C11,ST0150,Fleet,DC_Fast,30,CCS2,0.9815
ST0150-C12,ST0150,Fleet,DC_Fast,50,CCS2,0.9817
ST0150-C13,ST0150,Fleet,DC_Fast,50,CCS2,0.9909
ST0150-C14,ST0150,Fleet,DC_Fast,60,CCS2,0.977
